idade,rendimento,divida,score_credito,risco
47.28696734670575,2624.9866402179105,9621.796466016829,622.8071469284251,medio
36.43627368104908,1523.8106179647923,10967.949863415928,541.1427975210208,alto
59.64106623763125,3472.360124761151,10883.94477990979,650.3969686174302,medio
22.564051986191522,1457.0160435164441,4979.670910612222,663.8860333125837,medio
39.9612834275875,1650.2881560857275,5004.650126825554,553.3949397743797,alto
65.44281991845821,4320.153222926799,11818.618425406337,615.3821066727933,medio
43.28587016065687,3476.476611861222,3084.2755302618552,736.0929971971416,baixo
30.377820750771765,2253.3593475669522,12267.408919348327,660.3582910497562,medio
45.463907877438906,3290.380810163992,9602.967598540825,712.6170377958605,baixo
54.1185032697114,4789.378056501566,0.0,683.1233231939963,medio
63.3491140378465,4042.7841128407317,6611.332142217643,651.4731463229894,medio
44.02340860981459,2428.092731548033,12373.824937822217,679.8873838067996,medio
34.012871292348116,2577.88242779154,6709.540564769557,649.1332338783479,medio
46.66236019450472,1326.102972689344,5750.289055402576,591.4310339580265,medio
27.558573902095798,3677.000785953984,12587.82798736958,640.0488188127881,medio
31.36547569449519,3525.265758569897,4449.283453053416,735.9155717337306,baixo
43.801936877369826,4004.225121632152,4194.460532930547,648.2315607737937,medio
37.96652408302397,1901.4010839245875,17400.59377360127,444.3239430278575,alto
42.12920563852831,1941.4636543482516,13890.972967441536,461.69310528322967,alto
57.532697393443925,4690.9812760910345,13330.807761003658,595.0273040828918,medio
51.077621234712836,2365.086766464985,0.0,700.412615319112,baixo
52.741044728866264,3392.283493545535,9366.554109508266,606.5804704816954,medio
31.05097794060326,3280.62975394028,5556.501287662435,745.4378992783093,baixo
36.66695241356965,769.286788968971,0.0,510.6244805661081,alto
42.662594021180084,2564.593490396951,3251.3976281386667,696.4529795990873,medio
34.85041336447222,2795.943881044584,12742.651887621887,624.826663077901,medio
39.53189786169455,2672.9860411080613,3342.4669294069,711.0633003335818,baixo
41.81303497882274,4071.298908724959,8928.982659246903,622.8033081300466,medio
47.86564987739176,3170.0947450272656,0.0,704.6146382720451,baixo
32.70176467768749,534.6466935004992,18145.93254613754,484.5136185555343,alto
28.61938832960575,1763.7338709992232,11116.265250710754,724.2256513017874,baixo
32.59300484749368,1410.0597414798267,6756.9284164970795,660.3936357281716,medio
43.1440247852784,2247.032026089895,11155.782113151261,581.892896648571,medio
39.257731886882965,3168.7119993487513,13448.784216583896,546.8334524603185,alto
31.04669078150136,2721.6125719377014,3268.884288486749,594.1798510907246,medio
27.587021733931717,3766.9903190990526,7376.775034468617,754.1047921527813,baixo
58.67428676477765,804.4033982032568,230.09977187909226,564.3978691998203,alto
41.81596988737515,3366.5334400783754,0.0,657.7724761681487,medio
48.148491850863586,4561.780248180093,4129.604116493255,707.9201842878502,baixo
28.179941851892284,5036.825309684609,8719.077520038014,684.5904845367065,medio
41.80105724263769,2932.39784764513,14026.0845378669,632.565873787297,medio
47.07289567506256,2785.497261405433,5653.828319639451,665.7722891690631,medio
33.60630601455573,1836.0526637917242,11274.961065858148,514.121456918439,alto
56.304175065859596,3652.8967522851617,17040.50407136821,642.1825869871215,medio
28.58416658714411,2353.8379348382814,8660.919210784716,704.237404997582,baixo
65.76296991763755,3539.5394807198777,1167.8060158681128,753.2731634108812,baixo
62.39874992775151,5540.032452671462,6846.720855664951,687.4432275919706,medio
35.55717029669105,2778.3511547031235,8259.51260772334,682.1719066371707,medio
30.298973843857087,2406.413460586168,13605.685504321114,452.3026180272751,alto
46.05944596067054,3114.987222433239,1027.518716683203,723.623075310518,baixo
26.404792582983895,1498.8097579197179,14173.21839647891,661.7594889131952,medio
31.49189108388994,3189.0176307512465,8273.738688474696,760.2002343036129,baixo
34.28305912519015,2717.6764712960457,10688.969191795008,614.3107895455184,medio
67.05096817391527,5313.058188014835,0.0,778.9163319255156,baixo
18.0,1073.3511659484732,8761.44583606142,556.184634792445,alto
37.65782507594842,3038.026659561248,455.2417651615551,608.6973466276947,medio
18.0,1651.0201874570078,9752.382458890463,692.8038249031383,medio
35.04197104135562,3666.098327388352,275.97353403971465,691.658542869524,medio
37.69694625346854,2907.274172367266,7166.562827324492,667.1656995053755,medio
25.658013359556755,2867.347116627454,5826.949013490403,616.7919831607608,medio
18.0,1168.0353156080737,8044.853790246069,645.4459944272012,medio
43.768818548054384,3394.150335201519,9063.875612576165,810.7222157423525,baixo
35.326803177376895,3475.2178072911424,7382.844390004886,695.1340079134652,medio
45.195516152696754,3339.7411398146787,3876.8303766668105,673.9715733749938,medio
18.222989400945586,347.9796272509511,17253.170623739625,432.21612803414405,alto
55.5731942555792,3506.885502693607,13280.021626631478,624.5042604952886,medio
34.77624791119661,2229.6008365193516,7646.003274521463,598.3654136525644,medio
26.526373234940515,1378.9890677935882,9286.251736388616,704.0534349242197,baixo
42.31681167630158,4014.2250930391665,1709.265971870459,850.0,baixo
25.684019480842927,4008.8838292017667,0.0,701.8276011624874,baixo
41.674743889437416,2647.834131708151,15583.985558906621,519.991825606259,alto
46.62329318346231,2353.7837437868056,13100.383627372537,623.2286085691726,medio
35.51159555046073,1487.3253494580583,0.0,588.7597058403657,medio
49.3201598107165,3603.3133579115693,9409.329919282165,692.8190035937912,medio
24.546813650017768,2614.3534490055677,11675.115716081731,584.8977557477685,medio
26.734757740263934,1599.1916868488431,12589.86335962165,559.5786874936016,alto
34.8245114797647,4093.4117609526897,0.0,722.7388078050212,baixo
34.103090197849106,3099.0674721273635,5275.640590547998,591.2139554005379,medio
22.3384391706499,2146.1520080205473,12676.081104579036,622.1179857583062,medio
58.46419224047632,5364.265555986982,8032.918278927725,705.8489400703738,baixo
46.26460695109201,1282.9624142152418,18179.97205332561,562.6702531518871,alto
64.29080224002495,1586.054265584847,8991.323661705821,728.6313812024364,baixo
36.26652964628622,1344.6742063210759,28370.979784225885,463.9714977515564,alto
61.984719051994084,4685.802472989726,3393.3009519400402,718.8312586297037,baixo
24.581867608591036,2040.9449622837421,15480.543399346632,580.3723464994791,medio
63.59389981238295,3856.3141498420773,2060.0519426856144,716.7451014856872,baixo
34.22018572688992,2426.4183194006064,8761.319416387563,725.7868020003915,baixo
46.43850893657676,2401.2308415830057,8926.722674008137,671.1149337551503,medio
38.425693385378416,2255.6538379683984,10936.868888541952,597.4691346690994,medio
25.923089687233983,2492.875825677926,11657.57311584339,592.4848447342104,medio
30.28821522929787,1342.908799356986,6985.400361087384,674.4350634175123,medio
55.46366935765786,3037.0766745654764,10668.34900348799,762.9082843419197,baixo
50.97538916652769,2170.9006442366926,7732.450110220674,636.1639845844961,medio
33.92314615765008,1813.9415256426237,0.0,651.4772592163475,medio
44.6626012441305,2917.3262887430633,4603.944875963392,530.0704003659165,alto
40.329951560134056,4469.674059287137,1377.5101567031425,658.4615506124177,medio
45.72261848951935,4636.343894978046,5620.299299967339,758.6921895442847,baixo
64.04986724872688,3301.3044161135845,11496.634946309323,737.6584183092207,baixo
53.59298100636174,3103.606443800445,2731.2614054133446,772.9946030735559,baixo
51.73725202537605,5321.525769332691,8031.515590024931,624.3732728686601,medio
37.04992756687689,5158.279380260921,0.0,722.7490645067944,baixo
23.813154228412795,1527.6221301713313,12032.461428972038,614.848855952175,medio
66.24982511233546,1821.4102183413827,0.0,653.4668920135463,medio
42.760198374927356,2850.854130852315,0.0,767.7131638671444,baixo
42.80314365079421,2910.614196558171,0.0,777.3594652795189,baixo
41.72185063712421,2810.8133361895334,5165.612633737812,753.7784410008912,baixo
54.48002700034954,4082.026041193735,3102.874243749686,694.5445796077327,medio
21.127817482250528,2213.2397541685923,13089.636567129051,677.9551692869528,medio
44.135293960317064,2725.2100991639813,17135.131783300534,598.7551568586467,medio
35.48359625971475,2712.6365232523503,3946.412916063823,555.8338643353657,alto
44.61197026651374,2701.0238242750847,6973.2135453507,629.8901572708618,medio
39.37286860721736,3251.4890857050605,4079.873330365953,638.3602902443014,medio
44.270789996091686,2795.7227175664175,433.40333072476824,627.9107403974795,medio
45.368005840070566,2374.3912341695027,8619.486439364659,662.0474009756504,medio
33.2116055820796,3978.2619224121545,25516.318153333934,554.5263627079318,alto
44.96486519218192,1630.2633578259301,6538.9401790561005,622.5282340039925,medio
30.37989495436642,1410.7947154804858,10127.139955298944,547.4681628384907,alto
44.93643894519097,1300.5387582534574,17560.310865195283,588.3924891118893,medio
51.90286312760624,3603.7009448069743,9491.392344252075,651.4697867937647,medio
26.423707632104218,680.2391255337088,18392.206822333523,551.0175505374064,alto
35.4306408157697,4452.114719141829,9562.772481274309,772.9516787383595,baixo
39.940612579212775,3491.036355245732,2352.203675832903,692.2821159705223,medio
43.70149377497775,4271.01681600333,0.0,829.6683475101141,baixo
45.09694224384467,3106.473292316224,15468.502343489898,536.2373354304831,alto
33.749948191619424,3109.5814503007477,13495.917730126286,617.4059214167381,medio
39.64069084050278,2713.7535695306537,14899.93457878028,665.3253482924974,medio
35.134236348329296,3473.2471949970886,8660.161136286895,803.6218877950145,baixo
64.58981226683503,3308.1910131834534,0.0,714.8098385193787,baixo
32.60045971217826,2898.6177383064164,4776.505591891585,635.9350175499924,medio
42.24704019365228,4423.673668312549,10594.221431356797,645.9112031998717,medio
23.995985197646284,2661.226121019094,11858.126624189457,561.6052238312521,alto
44.21665638109146,4373.091272739248,1384.169010898323,732.1796739731232,baixo
31.306231272120314,1025.996630479462,0.0,714.181782957324,baixo
42.1877063029699,1911.1002732976233,0.0,806.2885665476829,baixo
32.57413597558424,2869.7504907600182,0.0,749.1025125445173,baixo
18.61957977728634,1017.2565421993661,9347.989179875314,566.065583184037,alto
27.540209828627674,2049.871145984585,9601.002463969027,597.4326850463773,medio
64.93428837261654,4284.618821714888,1682.7893513908175,732.1946265092105,baixo
50.45582998335259,3174.737784389604,12601.523226761688,554.2465155854478,alto
22.612978454830348,2732.0648058304446,4028.738994833354,697.1424202847475,medio
37.193249070478615,1348.0510075910931,17625.511025613952,665.8262327490728,medio
51.84549481104354,3903.7966370470085,5681.165620829156,770.290775200142,baixo
79.42230734951409,4607.613918110014,0.0,708.2010322629443,baixo
61.88442576618857,5201.590879259562,307.570402379547,791.4731813522401,baixo
45.99624372307694,2020.7712024576545,0.0,627.5484176861808,medio
54.644315040572025,1838.3545968514115,14038.273686891367,568.5238246020403,alto
50.22430186187748,5551.163209722183,7576.75427034932,688.446118767125,medio
40.623835049178794,1520.2296138591098,3107.181689578486,679.890755401227,medio
33.62338795959247,1544.0595285335933,7428.485782587927,641.8159856342553,medio
49.09932436781649,3487.1148112612495,8034.134253802609,669.1459887867984,medio
56.04675847939147,4606.188908758964,0.0,650.2130216783956,medio
35.01849990392882,1766.7816631711003,2641.6755012361245,615.0313193734747,medio
22.895980441105785,1830.6868519362981,8170.135082336478,622.1663843537185,medio
51.45899373211692,3613.0780483966655,0.0,652.7320735218453,medio
52.343630018055016,5498.594310386081,3648.372181478251,850.0,baixo
30.079388497199467,1480.300939379826,11820.14324283327,592.7289283795785,medio
22.427358413337032,1478.7298825587652,6802.110339785548,636.8430965915015,medio
48.53722225304749,3344.614944210552,8917.467329574632,711.1494382695705,baixo
53.39216184095871,3359.4931069475415,10135.507427396198,629.9971830770346,medio
21.771326590394704,2111.6412794635935,3969.042173358119,644.6178924494691,medio
20.246767627144745,2266.5582989913046,1485.5992201883491,729.6503267454029,baixo
40.29616359666504,2664.6118993911355,13254.943818170303,631.2423831323166,medio
56.40807424820764,3049.7900018321575,1426.4158441750633,639.7885764737479,medio
33.10257787860152,1632.9777369689239,11902.904814015426,651.4033778961807,medio
59.640920411588766,3386.9043863149855,11349.666095145723,649.5417675492243,medio
56.86429721984,2494.9409852113104,12256.987739469922,616.5853826209792,medio
24.615116580151177,348.0908615556709,17152.26075696361,524.0808737434728,alto
31.06634542679652,1527.6502209292894,14040.552127801464,555.7268770703631,alto
34.24321004354668,1161.8020281008892,2247.21290110437,693.4464983348491,medio
21.5500481341198,1761.5811634341817,14186.232234386767,627.2472817414945,medio
37.507459198047904,3145.5884415307005,9539.053815302861,599.4556740418222,medio
58.11856671325884,4450.731193882421,10395.677051687911,761.5707644727584,baixo
44.328560787266134,2235.298411311211,6920.363073568826,611.7929592448,medio
40.227737711390006,4233.79013039697,3904.0594422143763,700.93571764646,baixo
30.466400588273046,2811.5200482560867,6072.6192617862735,687.4119839565456,medio
27.526558971373454,413.7068450640231,4687.121443734233,526.8454979498117,alto
46.17849216880233,2627.171081536679,6310.536983072003,657.3642001289866,medio
51.37411203854169,4096.823868902463,12005.848395616864,816.9258143214566,baixo
34.387239455923414,1881.0332869019423,7341.848672254068,747.6693997876437,baixo
18.42427546206895,1662.449587543407,3283.0804971932284,603.9448370787829,medio
41.74274068545135,3888.5987279633027,485.5637837912591,672.7481348440157,medio
36.77861898310054,3539.008795345603,3517.1123105975785,611.9502950211348,medio
34.31306020649195,3688.9496084071675,5342.843829591646,542.4069073431738,alto
45.053477391968805,2635.058705381996,7972.6407093127345,521.543123127054,alto
41.30048750585672,1885.6674772702418,7867.236076284304,512.2080260031989,alto
49.84755025508586,2644.7342324507713,10451.498115560293,639.6363426231414,medio
36.87191355736992,3454.2485021166813,15131.020432282647,586.1382700167097,medio
18.0,852.34455857945,12832.377734253452,616.404238536628,medio
26.440633745144773,2970.591848646274,10738.303049570304,697.7142434768692,medio
58.53948817048027,4712.406103727397,5265.200677331525,683.956246579654,medio
38.05222828991705,1948.8321013496386,12527.26490154587,462.7548339040892,alto
57.836180060237844,3016.6591654165068,5526.939799019434,682.0374564903017,medio
46.55513717842356,553.3939177330462,15406.158029447673,598.2631020172769,medio
18.0,545.0291775871069,20496.03254190281,653.6226993033165,medio
40.7691098898287,2751.389496098151,10021.34066627139,488.4793905371662,alto
44.87236801278416,3118.2945783491223,6883.015694420492,592.2681135294723,medio
33.94485542760124,2041.7818658132096,13600.417726701166,667.9722977878324,medio
18.03459444682985,852.1829072965002,804.7416828927962,707.5940081047772,baixo
18.299346163650625,1970.0540178300007,11023.708751621045,672.9111569063751,medio
33.90592327275026,2450.3664230023915,5386.205085702585,615.8454595400599,medio
30.76087245351862,4410.778574538619,0.0,770.6552633675554,baixo
24.07798213539715,2751.7332704594214,12610.23074344615,623.7155309964974,medio
43.88657559237491,5024.784591034697,0.0,619.9711688026077,medio
41.04250461850487,4588.940449462489,7483.674734368783,742.3905274076923,baixo
39.81374819503728,4381.6297884662345,11660.87488537056,679.0604409467342,medio
51.74669417509197,1365.78976374914,6887.216861519451,590.4084101509015,medio
21.485865752853186,2287.3044308632425,0.0,682.6739458533123,medio
18.0,2251.1299287220054,9775.274000935939,622.3521219620757,medio
62.05379988479261,3114.8284497194645,6785.658629192007,638.5041971616715,medio
31.890564699417148,3557.310722752707,0.0,850.0,baixo
29.866416693434516,3710.4691239775066,1159.621170256547,732.5517976552975,baixo
32.31159749729226,2576.017520656437,10383.83250297523,544.2091612572896,alto
25.74045558931104,1615.0646410504448,11108.648319873328,544.6700676909543,alto
37.50691447201965,413.4747011894424,19393.88302526545,483.46197690711335,alto
18.0,1113.224217123232,16633.978138700273,539.5393815452694,alto
54.49507130613419,4473.076177876327,14191.569078987472,686.9735293004644,medio
51.43273563924547,2155.4687285601754,14739.159729167433,614.761679359971,medio
33.1388631565377,1687.2932263313883,7107.568978980073,670.5345472138531,medio
38.61514702142498,2021.7443907768647,7504.842346274066,724.8110337650805,baixo
49.41188367279116,4159.796434645568,12617.701054552308,645.1400418993991,medio
53.39714915236119,4066.149365968203,4855.631186820235,675.4115415912372,medio
46.428128867492305,4069.104031599878,6814.736070409347,675.1224134925276,medio
41.90104155816442,3518.6665370633136,2688.0542218069468,793.3171533257048,baixo
31.419007724227455,3696.9072641766443,3773.538583726773,811.3965853602142,baixo
37.82430055920316,4066.6718775066633,6130.126319777472,740.6795182195223,baixo
51.50483623803278,5187.928968501827,11696.124021852314,725.5637074964649,baixo
50.856959406843785,3750.764900176474,4188.777246266456,697.258538203843,medio
49.483539929740544,3256.1537984368438,13409.368736707458,589.1732964934757,medio
43.26984462654628,3345.7285697647053,7217.299230540583,579.7992359966881,alto
34.104418463453015,3742.292996859276,0.0,654.2408312929489,medio
34.6856074532288,2752.546720918382,6308.294947800514,615.0755825063104,medio
35.920504237177084,2105.743670262413,4554.664363516524,664.2043537241044,medio
50.65920761301649,3761.8375185182176,7457.194339837992,642.9790754475498,medio
25.66008691562996,2838.2377537301177,3795.1689353667534,678.0735697229334,medio
48.064184544093756,3311.110108753083,12177.537663212623,594.2554196142739,medio
34.66684488958191,2673.5667756060047,13739.46639260064,594.9819405648637,medio
52.993210716038945,634.8048658132957,5924.675355023319,538.0673302138152,alto
35.414676999098184,4648.930830733243,4105.483338506556,823.360402211894,baixo
53.52701795950286,3684.1073741637347,12178.41235355888,679.9475435930328,medio
54.7142598930028,2535.467242906406,6277.675382358004,770.8907953372427,baixo
60.10727261589662,4303.014638900865,0.0,759.5597440769038,baixo
37.03602030929633,2185.523582104204,7111.7392197028685,666.0208842511397,medio
66.1293932417961,5349.990256396236,9933.553223793255,812.1186362251798,baixo
26.14292447402647,1542.5068726637585,13180.322831674366,601.3525204070734,medio
28.085166004430647,872.3927937091473,12530.899068199067,593.8170518472098,medio
29.510792010806675,2750.1749081808684,12214.88385355907,587.1723833579715,medio
29.433981852740015,1444.2243075887568,22029.47319349997,512.6414589452645,alto
66.92882895564034,2903.461303919583,15350.12038718483,682.3209035066445,medio
32.39902570878636,891.9051830922424,3194.0011908690494,704.3450679167947,baixo
33.46568138505411,5455.714880132271,4018.0965262294217,830.6030935394765,baixo
29.21919970955001,609.7193777178104,18153.77363590274,633.6752327702458,medio
35.24176614996655,1273.3892788405165,10975.841064053715,578.3213192543509,alto
31.989015247404495,3542.512177642592,9396.797625359255,600.7261067713936,medio
36.480083381567916,4565.057430645687,9793.949599041503,739.4108002958959,baixo
30.72443106536039,3953.2371179860534,6414.146483764642,682.3966446578504,medio
24.399507875570727,3270.0140445158804,361.36710050007514,578.1688840794337,alto
56.1057189827076,4348.401471120353,10653.154232452256,800.7543703332916,baixo
48.03375815517484,1383.9084574161022,15938.760433136245,521.9173216723273,alto
32.072708337621016,1494.8273764600606,5862.2090452341645,574.9422476472968,alto
44.655422050729015,1712.2206719359729,6310.487986903081,673.9439035610255,medio
31.23663625418046,1931.847611983215,15773.988329859096,488.85770789118305,alto
50.53949231536187,3028.4122370002474,10180.392883123792,692.9289548945453,medio
47.37479871627637,1690.5760871486714,5959.131785249612,611.2684997273432,medio
59.31706494580638,4046.4085006757578,8487.108970687155,621.8495619033554,medio
64.8551975118599,3521.9894437256817,4337.455457864429,717.7941783515671,baixo
43.93872936835002,5727.802446077236,301.67145710584373,747.2045303600114,baixo
25.573689412266894,1446.691215029943,15942.355820083456,551.2680544281701,alto
49.64515497456487,3965.3896019864014,10513.694157037859,657.9340210435338,medio
24.014670242520754,3597.3349189997625,4280.649489067719,827.5165411910745,baixo
47.213703179810935,3546.897225687865,2588.008569063326,724.4407156307533,baixo
34.940318887731905,2566.0755672116475,0.0,723.2794004400278,baixo
38.861769140286896,3658.150334595139,1606.6353960798078,725.9941541996421,baixo
18.0,2774.6361996649803,17095.257756220206,491.119467372548,alto
32.232074394477024,940.237655972353,8335.686894090622,621.0470330455977,medio
59.13167399182153,3277.672295406023,8670.986321488905,587.6105854706996,medio
47.88512421218117,5209.301566409662,12390.511218927411,825.7986781962973,baixo
18.0,1202.3523114064799,15954.799310389772,538.230888300487,alto
36.13982659438783,2118.9706968054334,10251.248218954224,607.6210301224178,medio
63.44336899582788,3297.1301419502047,14241.452071547756,640.2670240794293,medio
48.803704764374224,1895.0990102806668,5047.589712345465,690.0671407669183,medio
32.624784829233135,2710.7516812279023,7967.415482758152,780.0424674420001,baixo
52.93914458074478,3639.9135256840927,8602.990899990436,621.2472379923669,medio
29.692130400172278,1381.0057245913501,6155.397824045716,524.4776846216382,alto
38.37993728744349,3579.5683218866934,0.0,673.7703440080136,medio
42.34489142867239,4204.8941478174875,11289.19291770851,597.6744119341014,medio
27.11602688918812,3585.6811675957647,0.0,777.1284740023956,baixo
48.301462712880834,1341.666623128773,2452.024292833984,572.4103502930587,alto
21.602622136851075,3534.688707908796,3829.427715145521,695.6824909235198,medio
54.084082205051686,4901.554585022854,9754.78560495445,685.1517701894963,medio
54.54530919508032,4195.6913556432755,0.0,789.5650054656408,baixo
46.57737222476081,3224.973688688661,441.65256513117583,673.9017228131933,medio
40.07535721565524,1224.7598218614567,5426.979919561529,577.1616895840618,alto
48.74569110072672,4881.978112065217,2256.352102815804,809.0717355061089,baixo
37.93493328455439,2609.3970792978325,8333.23779091326,558.6358033238888,alto
48.44575665760958,2988.3968409124554,12620.606376884347,587.8570714517239,medio
43.455068013758456,3425.0207936259476,458.98961154483095,754.4968177883478,baixo
22.536600024241054,1863.3635041158552,4407.528727328085,619.2598516320878,medio
34.07996519225361,2894.775566761018,12059.315374269509,592.9836120013084,medio
18.0,1929.6634994323617,14687.236330553344,661.8563644645336,medio
22.319980070176097,2112.122011984459,8933.038621561785,649.5241702857729,medio
73.8349764786403,2728.0821844580973,0.0,659.6687296240506,medio
41.23549023818615,4773.584947545838,10819.495130438176,761.288327272869,baixo
31.724382258840006,2219.377423361146,13139.727177242132,548.9946451572813,alto
46.22835925504521,1788.2991068347364,5982.469240771597,718.7039901287885,baixo
20.191985493882463,4020.5300591669957,7637.738896909326,754.9180739250304,baixo
37.21608731931637,4319.119143544721,15305.838931666218,723.0605130033099,baixo
35.93601565282994,3348.338001477963,0.0,726.6799945597467,baixo
32.159726861922806,2308.600017305933,9520.174481101956,601.1784319870308,medio
66.08867664577909,5672.84707109266,862.0307869568023,716.6147269443613,baixo
70.40138835250262,4332.785425930178,1704.7950152981302,734.1052655905673,baixo
38.87601963571216,1188.692681385171,0.0,736.4918739199798,baixo
43.82228624924258,3383.5219636194583,8812.699851134235,724.9561552356428,baixo
37.664186679889724,1765.0711642168935,18302.076294889146,448.62629960658126,alto
39.36502103245424,2805.5463094303436,4275.122456689858,583.1931731905303,medio
37.738518097252864,4954.556121353871,6106.624047219468,833.0776980361054,baixo
53.88032319761833,3006.623325861182,8988.120038708394,609.5482355717671,medio
43.6143355658955,3646.15148814865,0.0,802.462567738644,baixo
60.49197379896869,5644.4449478699335,6228.375813652681,792.0415643032056,baixo
38.29211458616678,3516.8507555861756,3631.539573304286,697.5968511615739,medio
44.97044488543315,1705.1909951239527,8091.17880998609,492.77626782851974,alto
53.513037247715246,1702.105587529393,0.0,568.2146481536508,alto
56.113785792781385,3689.6006236712506,8329.846373330518,643.9027306360193,medio
65.94779637982273,3267.194288338739,10958.463015561227,743.1732320353564,baixo
52.859941794172435,5420.938424217187,10842.490137011133,552.3372704406928,alto
35.536179204020286,3426.1155025768476,10593.51035601467,649.1507792703356,medio
25.159441223021943,1859.8568677588014,18344.77584529864,531.6007754088638,alto
18.0,1497.827862190243,8107.446600810998,677.5024984540984,medio
48.00281305315835,3717.6802898464753,10394.691418338016,574.5285967284829,alto
43.546167808347406,2488.732022496203,16449.209972018143,574.1790232829443,alto
50.80447544002209,4557.204503124308,3246.970738207646,732.8359686536935,baixo
44.016816450089436,3640.330858467169,17085.58875328657,577.5785906958802,alto
41.15883397215347,2172.407656668498,5931.324928298662,652.9241221378118,medio
41.90999467791091,4777.74317061049,8856.778821314767,780.8140766618424,baixo
20.436196167289776,2652.430849361445,11315.416777184317,637.2615788202988,medio
53.29388624494632,2173.5281781960284,16837.64314351334,619.3896747613683,medio
37.91589970534875,3962.2642237405003,15366.59592211286,541.1639602098569,alto
53.21072044287418,3447.953682066707,12008.753483238484,624.1005453156661,medio
21.979010445608726,4214.634357043289,2293.544229405771,708.9198843670778,baixo
40.93755695450302,1175.1129639314559,11475.505493548058,558.0001229439879,alto
47.979417261942736,2421.147216572959,1933.315349592941,694.2140390265314,medio
51.090544962190094,3962.1682653365942,12768.253407844953,665.1532999704584,medio
42.318888130609885,3096.942395382933,7681.450439458879,606.5691152825718,medio
36.605917373882235,4237.334969832224,0.0,804.5401479698057,baixo
46.76057563872659,5088.4535539931785,2881.2794393829645,727.3971638692985,baixo
39.73984439941936,2644.3779775523635,6046.662546779156,508.7771012056588,alto
61.779991625049405,3458.59560933788,89.13291754403508,804.0583833520132,baixo
47.97168221181536,2992.612123611307,4321.40856633062,710.3344008990368,baixo
23.837369204153724,2504.8806620386113,18136.637919747816,658.567705163299,medio
39.67123360010864,4917.466878437634,8454.576445028544,709.5549167083226,baixo
44.624091287539535,1485.5400498845895,7172.794135750902,645.3714586572329,medio
30.710344820790155,2459.4789215379437,8423.823245013573,633.4117296715351,medio
25.97679569513226,2865.760432929163,8839.18968057711,631.192246385994,medio
35.122229314642674,2060.846140867262,2663.5200936608653,616.207416469634,medio
80.0,4116.631018800961,958.6675005095749,717.9714890979046,baixo
42.07560346191568,2555.406618135793,7983.170842941523,535.5572400356748,alto
21.190864575412846,2461.1044893125454,17601.014232040056,691.7259943232486,medio
30.56306052900363,3622.4349199307735,0.0,697.6885956621982,medio
65.42645774609112,1391.2726142042156,10572.186790536194,552.6348906995328,alto
61.951309400715786,4241.78601478774,4197.376694341093,735.2490137524431,baixo
45.657395365653315,5418.795395522287,8163.612242071519,705.6990382252717,baixo
49.40901467359754,3912.3184478882495,7522.165667540023,762.0249040623004,baixo
42.859164907387694,2741.4197707820867,19452.500279835636,479.77217806226076,alto
67.940020188505,6056.62836646909,9230.85162221471,850.0,baixo
31.595823043966824,3006.2032024321675,6652.23999453434,556.7506423156607,alto
36.8230491464373,4387.680663509407,12095.601218183203,715.5365687480522,baixo
48.31955380775392,3643.7632870709203,1532.6951549713149,734.0117465950881,baixo
36.455385686786535,1288.4108771430192,6251.309931020455,768.0432412530114,baixo
40.42714087134361,4393.677030032679,5386.624530874824,684.5789270256753,medio
42.97776802193306,571.8838614472943,11341.493844185927,607.6159312243485,medio
38.22345892709748,1983.377469381363,0.0,825.9917849109354,baixo
49.65401012711307,3955.9116174119576,0.0,643.4597123777371,medio
57.59749158119878,4081.1970153778852,2876.489902228119,749.4490291202993,baixo
48.45019297827564,3999.5193077894173,3416.3882507011913,689.2751597706815,medio
49.8443130443043,3637.2256884643216,0.0,673.6182473540156,medio
53.46960495628017,3444.111019853016,3504.1352552316266,714.1721704754495,baixo
46.48519046154747,4365.392372261226,0.0,709.4721517325817,baixo
45.56360625252529,4972.089786547673,1221.4333186903123,777.0804650111329,baixo
39.72218761147058,3302.4824827752245,5651.497435832539,602.0462971377654,medio
35.337391528098564,3851.4295355874347,16229.079835890689,636.2757149802796,medio
35.00115592268017,1963.2320088570132,9857.735985694033,644.8324500773806,medio
46.19917188307782,2462.5978226934294,0.0,586.692112761643,medio
40.40815176917484,3647.625899534577,5821.815017298523,569.97898848359,alto
52.09187240106047,5133.419428115229,0.0,773.5581747080689,baixo
33.049984041567164,605.7509787621398,18547.214119277516,700.1890670095203,baixo
25.905733831278,2901.95864650577,4169.039577142636,734.1524837682113,baixo
25.140078266169187,1184.7204580810262,14608.076906255505,470.4488138496589,alto
19.486061576897196,1569.3116695779663,3909.232214593191,573.1706340308785,alto
48.76789859955319,4627.057597741939,365.6681925235416,658.9285285929077,medio
40.056729535101965,3717.3079449185316,7850.667148128367,701.5883970125565,baixo
18.0,1531.7725082001873,408.2743646374638,679.5133169826177,medio
39.18674542558659,2171.574821793206,1940.796466899089,615.6286086200105,medio
41.09638925769358,2874.1114605828293,20265.59177604688,629.9278138201914,medio
36.91264854230153,2344.4151791332442,18643.12911190868,498.64843277361274,alto
46.57562338844274,3414.3172751242473,9066.771765910888,638.1151972320714,medio
22.4719382840365,1685.7736624132308,18248.96572966672,528.2237691852027,alto
45.56340421782809,1630.84330528846,12553.293260457296,486.4373143818764,alto
33.40340377622625,1993.5557680193608,12191.24129137001,691.6001835144892,medio
28.304745258207337,2890.3488789759203,12263.836171876545,557.2767979253998,alto
26.997831838041833,466.84972664015277,12723.747209554025,591.2448750596034,medio
30.419269807832997,4046.1779972882464,2495.5774860279516,655.478115568002,medio
47.080687807158036,2599.5332123835433,11450.651720903934,671.8331234770937,medio
34.80417457228505,5051.227292586988,12699.891027204289,766.5444453934998,baixo
52.28031045727904,4935.8951628393515,851.350022340257,770.1719487443928,baixo
22.199410835549923,2070.0324722314713,3899.6090797984225,726.6344011260476,baixo
46.77225098240199,2899.500914040797,6849.732484867422,724.2537071532188,baixo
30.19310541335414,1776.1288378063314,5861.291645410405,558.2633940042397,alto
45.08805731945604,2850.1611181520216,11873.695375168842,558.7596462728607,alto
43.49012645692805,3309.778806573415,0.0,681.1627443033225,medio
44.26950513115109,347.6320447699909,12883.581532448938,581.6259887898289,medio
36.76234529141452,1390.3035553267255,23704.89838328369,499.71368943666505,alto
41.2044972410266,3132.895832157823,6913.260479610047,585.5318318222004,medio
26.61583733186081,1703.1850210763,11955.335254048417,536.8374177640849,alto
27.881913677334843,1897.7810587987328,4365.130803664184,565.8350936744195,alto
40.35534745547656,2660.3665993605164,11624.337528003234,647.5433172124461,medio
32.68788551593632,5189.387072164052,809.0007778806312,737.2439506222231,baixo
48.846282832271136,4386.287536000663,11500.910853900263,699.5154893715164,medio
36.197697643094564,851.5964506355529,11728.432747495048,633.3072268031137,medio
45.53584284109342,2344.628625745282,8429.700865686158,578.9303693847583,alto
37.31768168809391,2156.183538295189,1023.8626115740208,549.4185906433868,alto
37.34187046906124,2243.8188376848534,13626.814840571074,608.8785971773967,medio
71.1627554786458,4797.348537453843,10126.385042592956,721.8205968793532,baixo
57.635345889836834,2990.1668636445565,2630.744151806578,667.7781785327664,medio
46.73970553153444,3645.7970990395306,7822.943175234919,770.4809177004728,baixo
50.7333364001115,3089.072048020209,11471.980235975718,746.532989471543,baixo
52.12748385572147,4550.068761718574,6118.8582086959705,720.6146884654961,baixo
27.454653974544506,3615.287803070505,10454.752129257215,755.0191880325688,baixo
73.06334720855335,2994.2114754471972,9485.967756134543,659.6572539354427,medio
21.042781737343084,3033.4233309509737,6140.934411027762,760.6498524720939,baixo
21.221628135483428,1857.3043130448027,4544.901830582579,711.1606645255036,baixo
34.291598392140486,1867.081769990784,0.0,620.7588037849547,medio
40.42361754175744,479.227349945636,10639.46284140026,624.4688066672585,medio
48.56159256045055,5068.850568385752,2867.8769115978057,686.8062138041348,medio
43.79743291720886,1911.2246559647515,3865.577273111787,495.62470986724077,alto
28.228606398198124,2368.448311377124,17186.211210147583,626.8075849390044,medio
50.53284117825844,4362.06745499916,4902.815569418199,653.1020950919335,medio
37.28962303583419,300.0,5694.202544518996,590.1361695720431,medio
39.87961657962849,689.1886658036419,2304.999958712395,711.542549685439,baixo
61.347610895789046,4638.761346116644,11242.055397536542,733.246056583505,baixo
42.09211682632729,2877.3664549334803,10090.21116995405,641.1046167287598,medio
29.23791875206622,2241.3887929112257,14445.83024069413,674.3069133419108,medio
57.65310443457206,3502.266291030536,0.0,724.2211489944397,baixo
36.180828641117415,3062.516364944644,5143.189553432821,675.2346755869654,medio
41.13133936200296,1950.8127049235509,7470.248302509654,617.2684733623965,medio
28.031017612552237,768.2968602384769,551.6302390046094,639.9118220997957,medio
18.0,1158.911643071854,14877.747636002625,715.072834809604,baixo
38.57974250745373,3607.7645951555232,10878.496750949835,571.6828120130363,alto
31.191398835157784,2853.4254814402357,7045.898386002049,727.2935071044856,baixo
20.601873141403992,739.8413151975851,9108.313355170929,567.862732933246,alto
37.1320337746129,3049.740458167895,396.658191908703,647.8158339351043,medio
50.68826365007609,5338.828060517999,2329.7737914599948,760.4416288527658,baixo
32.38524727133171,2364.959041002242,9058.40854868139,727.442564333422,baixo
32.808153274181755,2393.2821808058293,6247.55416918435,739.742236802372,baixo
47.639387928413676,3344.41387361384,14960.43731904266,770.5570012025663,baixo
56.21467438424456,3505.7198274732914,4694.993037559299,780.028493075392,baixo
44.23739465485606,3470.601142022322,16976.197238284713,636.0561269715241,medio
58.133272922902755,4088.558452853071,4314.111950593464,733.3678560311247,baixo
31.863935194533475,2577.832003061884,14039.81933392159,648.3302401693898,medio
18.0,356.5000437481863,22366.695131951055,382.712230978698,alto
30.14462993906335,3008.347553274031,6470.28026501068,628.2982607424545,medio
24.872594752189737,2416.0394984204204,16616.878751889933,568.2683785477298,alto
37.8604074954638,4198.145372466745,4336.084711368867,732.2434602595746,baixo
41.35085118719794,300.0,13984.644970362537,568.1065803975736,alto
33.42091637675312,3806.363320503643,5693.637158352581,653.4753716487124,medio
51.52846316196974,2157.4915297783464,8315.152827940388,702.2169920140743,baixo
42.74997452922345,3153.005999267406,13279.85386185766,757.6630597939658,baixo
53.86620542568224,4400.724854346761,4376.134648133384,631.837774902826,medio
22.51417910713217,300.0,6800.418170908431,684.9606215511742,medio
48.28088235749547,3870.757258288135,89.0730637048573,760.6565626654441,baixo
54.99009970832197,4211.636884136643,0.0,748.4094781865422,baixo
33.68337172925352,3031.274587609898,1074.8022919507748,664.0832627575475,medio
34.53715927188162,1916.2257595715091,4872.066716687756,610.5317216516487,medio
20.67402533548437,2948.0142909874353,11819.494861550587,618.9180813037186,medio
51.57075593650009,3974.4889686456463,6532.012059856368,763.5811165368178,baixo
45.05205362168221,3775.136831734627,9336.955693175942,769.9116903768083,baixo
51.09095904419766,3632.8123352702023,8447.745469816711,688.2743154349195,medio
33.28475813542348,583.7966287842278,18010.125572612364,441.31377915104076,alto
63.910555556902615,4275.845271617113,5238.742086910117,707.5273558613675,baixo
40.46451780604294,1938.868480688804,4269.909692134879,656.56079148677,medio
29.90914064378367,2592.9109531018894,0.0,737.1540980925806,baixo
18.484342037584828,2517.394831909993,11054.659302976554,587.9287823400088,medio
46.811071084062355,1612.7792319625098,19758.092767832663,759.2981045772144,baixo
72.58862981429544,3878.5419128470157,8494.11565887224,648.5578098152077,medio
31.599227466768294,2369.3718650413143,13146.204266714749,677.2729418461406,medio
41.83207262106403,2039.3697601226509,11031.830969350145,490.26238239887346,alto
28.582747968000735,3192.474179415129,0.0,846.1474338716341,baixo
39.17051515743245,2509.7165784733847,8911.159443496761,611.9454962413794,medio
21.075516643573543,4151.9283870086165,7981.745321519943,713.9261452385164,baixo
40.287544486699375,2917.453271347695,6192.87188036959,737.3515781905401,baixo
36.372934470158235,4357.143007350102,0.0,850.0,baixo
50.68322063484299,4074.803489492202,7620.784118830763,624.3984297744385,medio
35.43509871130744,2128.6344713444587,3548.6625942084347,822.7242058071963,baixo
45.165685660166105,4382.994650288947,1107.7882409071572,770.6781874499618,baixo
23.616356086182762,1674.0403047904115,10526.282188491436,613.0199973436108,medio
68.97762243214129,5380.582988322218,4416.134489839056,778.8744798659998,baixo
33.32640555020426,3854.8829865334324,0.0,725.5215599588113,baixo
18.0,1413.2534386104803,11837.356338878568,744.3410154118461,baixo
56.46237734147482,2530.9250749117755,4524.844997721719,652.2150294656561,medio
31.220947880757553,3511.7145275230696,9195.664173486271,637.5759228260399,medio
40.2377874439088,3514.434036576399,9042.323724686514,640.0039980984858,medio
35.701239446023315,3774.778277355198,11929.71856369195,597.8051390032924,medio
49.93682135137355,1310.7193371805665,18034.177217316483,500.2438305141586,alto
42.427270604626116,1887.8422805193482,6559.228164423595,763.307459175316,baixo
54.36112688975852,1899.5935194007816,7698.7276987918285,587.9855109179281,medio
66.57095032387659,3224.5047622986312,8131.8736029608735,680.8010099739322,medio
35.52524906900219,1130.8181064232624,16179.73871686574,545.4699555948323,alto
39.90505666780715,2562.9156165377985,9970.066668681146,613.35824504271,medio
46.62684658059295,1786.5897215547707,4424.248693208941,649.1025964439398,medio
23.88916068117813,300.0,5804.706737606717,630.1559660714616,medio
34.21607598410409,1364.5989344260256,13360.470333660443,461.9626530015605,alto
29.380275030640803,300.0,17039.681635094457,451.69043931095644,alto
52.53001068327329,2708.7068615295393,19870.04283494963,549.5052240461587,alto
40.67650365620022,3731.460253577892,5232.280316953929,804.6836260411783,baixo
42.26550639055316,1761.5703511304912,20488.95365830448,517.7121279733947,alto
21.1306873502779,3145.4328235503563,6094.212506109823,594.3517304985434,medio
52.338286843549255,2699.4748921134606,11263.445674190203,721.9498455926245,baixo
65.71989237188846,4676.063686099568,5394.0116382426695,810.7184984109733,baixo
37.47249002870236,1157.2621139494024,9516.814375133392,620.5163929656457,medio
47.7043026304511,3598.9672637602953,1903.3096248594165,678.0088829594976,medio
18.0,447.9362795910215,15345.123475708215,603.3658175490663,medio
59.914273665344396,4481.0529998222955,0.0,815.4463283541493,baixo
39.8281825416712,2433.8832181319876,7082.551889445878,676.8551192233256,medio
25.457556515148713,430.3999468527204,0.0,679.10465139865,medio
30.86814465036093,2806.5489826318862,4027.169111821343,563.4075121380245,alto
28.307911586018285,849.556467964977,10279.258875041443,576.9022052088599,alto
57.94458602806914,3473.006195818975,12173.527206018238,763.2340052802576,baixo
45.178427589337566,1785.6456969306573,2285.337871288766,672.1180463203538,medio
61.598864744033364,3458.9680134511855,8598.478956076342,583.0861346904401,medio
43.74736594869526,2207.216874135007,5203.008029132012,695.961274497104,medio
51.37745333515621,2688.8159119864554,0.0,656.2375508627377,medio
47.46773850599121,2600.2953508359224,9288.428069249165,697.4494959848644,medio
55.62116540864869,2820.6968530541885,263.6207141707273,638.1251266635709,medio
47.249333205226925,2349.7486945546793,1240.4869921829059,715.9773318237444,baixo
31.90555757460695,1388.0865465163986,13010.48228884413,521.8742874145752,alto
45.1284803277072,3130.260139846923,19318.159494529264,690.6602546372196,medio
35.662164720281986,2479.8293351770053,6576.620832864663,688.1026384468807,medio
59.645043086246126,1454.0870008483685,9157.654486760064,542.1965040055178,alto
48.24986488598227,1479.702854706357,8533.923585392618,592.711442748264,medio
35.87003998670837,2827.3234399814182,9136.903633484755,563.3221714563408,alto
36.37056088275174,2838.4731220314834,7898.041695775965,695.3819570719932,medio
38.93471882057751,300.0,24896.111498621725,401.3760935455553,alto
47.54495028021645,2861.380991216682,7052.769499331809,623.2815537808953,medio
19.05821374041061,3067.52257870332,9190.264611923105,614.8926037156413,medio
52.748778133047594,4322.459887450201,950.9634301460173,742.6260178128693,baixo
34.909125349105416,300.0,7243.737678429066,558.889014104029,alto
45.362757386550136,4041.485050429168,7982.300175025928,589.7848446394893,medio
42.27597307102216,4593.775045539176,0.0,782.1062121521022,baixo
57.63895471445704,5987.356181545592,0.0,850.0,baixo
29.500218922444347,1850.4214971741922,5161.627189708763,586.9640582312904,medio
18.0,1428.5980278941267,11723.420800100808,478.7306458290541,alto
70.63967717541433,4786.14505544765,6390.721366752643,690.365171144627,medio
41.53138554181357,1132.8883951592964,4335.702464299474,524.3939818850295,alto
21.661619107922,2217.732382816118,18283.223380070478,657.019444838942,medio
31.396505620466066,937.4483341897412,12621.043169465302,627.9519427344876,medio
19.976742869675622,3883.456747305782,3049.4598786180777,689.4404392079587,medio
28.465887800042292,3091.7935827998162,7666.699081704033,751.2261746617421,baixo
48.12945529557558,3511.7758109630204,8129.012114017409,637.7441968973352,medio
59.90001764232764,4342.5843854963505,10549.893316189353,779.5181510316155,baixo
38.71175044005015,4763.956873713826,3977.65167317752,687.1118327920835,medio
18.0,2738.4965819529402,9043.315894553518,735.4244565794725,baixo
40.66742742207306,3760.601660017345,0.0,678.1191595590736,medio
33.51386011525102,562.3980590453957,12232.48034443787,519.2850516822591,alto
62.216910094241705,4918.181638214719,11499.194912085473,582.6955586361322,medio
34.595313893499295,4345.1928981963065,0.0,702.5553461490107,baixo
55.75463842563057,4246.7926267434,10063.028042487465,615.616294150357,medio
37.64614112870353,1861.8061622757139,15334.25240925109,543.462364186767,alto
46.17280612683118,3477.189392514184,4041.836635151971,649.9302607200306,medio
27.096386009639517,4040.466835089539,6911.810477741537,636.7131031554071,medio
42.349646119535926,1650.9921832384407,2141.2456077973948,629.4795034361017,medio
44.18762009188711,1715.6051352592954,10637.727594415757,593.0171707404586,medio
54.98572878827174,5126.441592777164,5686.154216632591,678.2937245913689,medio
39.53575789702927,3018.6237593766923,1069.5417212543507,847.9866142275633,baixo
54.77979878665023,1480.3194268457362,9357.576183692136,625.9095325476393,medio
20.74186175657082,2001.4947782698018,8898.151091634954,630.085558120842,medio
55.847580838212146,4686.526711413041,6610.076999652644,628.6377794765139,medio
41.12766948644091,2953.2377069492168,4850.567760623817,767.1695260435822,baixo
55.913175401763716,4170.852357928239,11394.568074417195,730.624896375867,baixo
32.699942669116524,2945.096454943352,9763.62695837671,785.5826528484895,baixo
29.578922025941125,1418.7268714114718,0.0,584.8136341666138,medio
30.94059507927185,2664.733411280882,7737.312616722075,761.8393550579146,baixo
25.675331861605088,1757.912998514737,13028.018600959469,541.1301773627275,alto
51.760691740493996,3130.4904495435594,20219.96061642852,596.3196361252458,medio
61.3423608029163,6014.245739667736,5115.559312875983,782.4379752366534,baixo
45.344928351813905,4225.931754756497,6337.802267081522,767.1469377582433,baixo
51.34233359145876,1912.0680795637063,14314.757153928802,671.544318658595,medio
38.483017597716966,3211.9071868396018,3208.9182435706834,622.308658524377,medio
58.473549558199444,2923.2314173179448,7691.737816204187,692.8318765446809,medio
45.28436260814054,4664.248477950935,11515.078159977298,771.2236541949621,baixo
21.49812225162712,2351.1838793140446,2048.287422713597,709.0088952038782,baixo
36.241281240149235,3303.150586286155,8051.412711798102,623.1678760095833,medio
46.57143038989572,3984.0510403465205,4406.491621282097,678.8133550455387,medio
60.07798703019728,4355.926704593156,9401.828057720648,704.4917252091896,baixo
52.96405376712703,2867.055173145087,12404.58347804959,572.8759194161108,alto
31.89636480678817,1552.525286379745,7302.481461683768,495.0255278949042,alto
39.75121350589998,3119.9752260905007,22801.082068543183,610.8883791320284,medio
41.4239411113162,4059.4171230782704,0.0,726.4124558044758,baixo
71.60898802993557,2355.228344521455,12624.524749087343,632.0559985956169,medio
52.563836566032215,2933.205502243961,9566.508272913667,589.782822424078,medio
31.134113110131082,1235.284898933221,19978.30264436768,552.4541404318933,alto
32.269857571372384,2439.673681579056,12633.778211175435,583.9014326217473,medio
50.22626818073567,1962.0790459036948,3023.557756003718,622.4231395134029,medio
31.27052526140377,817.3233295907269,14766.195531094972,535.9478708775122,alto
33.07100488770803,4335.343546785745,176.57465871561817,766.4612123106233,baixo
37.65564172858502,3736.535511675637,14367.32339875964,778.1039209260956,baixo
45.55785350256833,2800.501095658682,8680.914241678323,721.8698001046058,baixo
38.76250966374305,1105.2467376448833,4374.869263336497,677.3897830852774,medio
36.426415657453965,4213.586305528546,7617.385184845831,720.1995395815954,baixo
22.107549014987782,1933.1602155458254,2288.5754289241477,619.0712807514159,medio
25.266541213672504,2481.6882753703203,2469.2494410341833,717.0080520582563,baixo
18.0,672.9095610500017,3396.5020751496986,717.098039492726,baixo
49.28737992019357,5020.300070362826,8054.077345073118,637.7170716968722,medio
18.0,412.87549597964835,15245.720273876632,661.7068654870335,medio
45.62031202997259,4698.34495901014,7230.192145362562,704.0879795331981,baixo
45.54399090235856,697.0382689301432,10256.771289174143,712.4379145198799,baixo
34.55768143189012,2101.3207443494193,10304.296646103228,606.8359643629893,medio
26.24391442775174,1295.7241863298707,13284.90174125318,567.7624761932034,alto
34.01216692915419,2256.766945407461,13032.827643274162,544.1413788077679,alto
52.965736240598545,2824.257357930015,23063.270763195876,540.7445811058717,alto
18.0,1291.9444692110599,3135.8312114260707,768.2053449898784,baixo
47.035310035986384,2632.5166564614137,8261.888886906036,592.5777080976668,medio
32.48889426892898,300.0,19792.294532700806,606.5150900200182,medio
34.355292188994376,3243.61561465614,0.0,730.3582765604065,baixo
37.76557960263364,2593.7870331427544,5945.933842169028,620.8113659088208,medio
64.24630422615171,1132.6679990627977,2000.2836599366292,728.4866946750333,baixo
39.55312903526341,4115.891319865927,18516.501049397993,585.4944825422839,medio
41.98509628467372,2914.853390786019,10114.541726574962,667.100570922254,medio
37.79489785017336,4683.498147049082,10153.823828871833,662.0799183954316,medio
46.30745800872868,3908.376731124109,15080.883561498747,696.0818580482904,medio
42.04107354131711,2405.5412949167426,0.0,709.3125032259416,baixo
42.83858909246833,2685.8574180897513,12655.023511054322,748.2502673515086,baixo
40.328447254585214,3489.665691561915,12599.874027406362,585.0408851683451,medio
31.089354385001265,1214.7812160154906,14159.362158654087,544.889127807459,alto
43.09048053062411,2656.4209084410036,9912.354693126616,583.570691140818,medio
18.0,2577.464041665984,9313.174686945336,600.4269210421006,medio
40.20393872974908,1225.770196648864,10804.833890599304,542.5258369395794,alto
48.25584637320465,3529.0745628639042,0.0,735.0255133914613,baixo
38.43801881176866,4346.399105910798,12072.221177373342,582.7807958194732,medio
58.33952022700862,1158.5912868563585,10113.150729968916,531.71727823553,alto
74.67115225713029,4143.451969855773,3319.264098385135,730.5568037220638,baixo
49.87373538125703,3620.532002074357,7063.1953565813365,747.7456297969758,baixo
38.71715706232744,1705.7413597047735,21461.40553764099,582.5591064532335,medio
55.96274623278789,2945.121085885975,6180.76232428891,637.0803321429914,medio
55.804453326604495,4237.836864911075,0.0,804.929700946744,baixo
46.352192575144734,1658.0393146540894,696.5533367336939,677.3761381390154,medio
42.944188067328405,1407.7007280220093,13255.235426579522,653.6897548723698,medio
55.039928167366526,4531.924336498055,7022.652749265885,679.8521746034451,medio
42.713697981268155,3671.114450683716,11043.86598147573,747.908252867519,baixo
45.949106284499436,3256.2780624958614,0.0,696.1266864842594,medio
23.813431710190937,2393.760352827649,4471.1714035286095,553.2007724799166,alto
18.0,2505.391417069225,9630.13266466819,674.1326184495484,medio
36.9302286803625,4194.91978534134,10067.75500160396,710.6560770289025,baixo
39.858714013968445,4531.485556145737,514.3407199026924,759.2691122647359,baixo
61.384222981010666,2876.1607957205474,11623.030014618711,619.2645066737012,medio
43.50211898345514,4196.838736442893,7600.385257920738,718.8773225078919,baixo
42.14706567689469,1939.500184618642,14887.110106534778,575.942893899567,alto
32.674191331725346,300.0,11368.896562167049,515.043199933501,alto
29.818002089672746,357.80367240505757,10895.030240641514,501.2730007468231,alto
30.886856312411616,3588.8787469953745,2410.809351886157,745.1385368415882,baixo
39.7472681454546,3604.8629481465236,8130.302742751544,704.1062376305983,baixo
45.151885229497786,3455.809293372407,6492.089972368453,759.650271165404,baixo
20.41764851087177,3506.3344208539584,3587.753369712016,809.7425522776862,baixo
20.277524680094427,1072.0255138307964,15265.798311526723,501.53174488224437,alto
61.59028159742117,4786.829354303439,4036.932897079804,713.5565266012803,baixo
26.505401408856105,1956.621426969132,18680.733301582615,488.5929888201045,alto
51.152872388065575,1426.6339948078796,11660.408286546528,611.6771490230853,medio
28.390348192876296,1232.4082665240658,12214.274312402145,627.4329173064406,medio
33.864604358540674,2506.7219259909684,0.0,714.4863324197977,baixo
40.5288902954176,3045.5599047823434,15076.069995908194,691.2631434358476,medio
33.195203509237444,3285.7674836810543,9152.711163704826,697.688924275782,medio
22.55428424306495,3374.8122388235215,10759.330714524327,532.6010078285597,alto
44.34112266955873,4369.047847623024,3718.280807033788,723.6619450599674,baixo
49.20549729054213,3269.098014377418,5192.912293451586,681.4972178448079,medio
42.97176323124213,1602.6837671176845,13512.027442014123,475.3880724507013,alto
57.17789369161858,3044.7616047842844,9281.563335407065,654.6202106685801,medio
53.437447563915654,3220.4123832363143,5722.422456771377,685.5987596553704,medio
51.33358437187128,2486.731856797981,6904.662820832817,637.46578011351,medio
62.511809002652015,2638.340075967564,8767.941256190341,565.2345617082191,alto
45.85232400827246,2659.874128589515,4837.507269604497,528.4167439754635,alto
38.06497619655316,1699.9065607652421,21728.5889103426,508.7525866043778,alto
38.29384755090585,5046.083354858547,0.0,749.4011459522123,baixo
68.80827919834712,3047.387773394388,0.0,794.3621740892825,baixo
37.84698296463161,3838.7697890520067,18144.08121281449,664.9692507892538,medio
41.75841668993568,2520.308563669065,7166.9997451785775,687.3516260835888,medio
37.03762422072156,2741.5413354852644,11914.244325810094,619.2176133422914,medio
33.2439506588335,4053.488969557795,8528.065745086933,744.6270675644271,baixo
42.29885880858624,2726.797346450209,16884.791521512525,644.8131163171588,medio
39.58011783092677,5160.637939351276,432.6590007605073,744.2305759645596,baixo
33.039891338290595,662.8510727840307,28915.825971791288,405.7513855635882,alto
34.85113872685535,2770.299899575745,2079.658132019352,745.8506210027588,baixo
74.33862997873882,3847.803824413938,7865.210168293118,584.3376104313627,medio
47.25711290067818,2056.454967201115,9449.683403519715,600.3105878926079,medio
25.476135513155285,1409.58775807222,4625.928648477807,716.6984494424792,baixo
55.59637524884879,2328.788176517651,0.0,692.0825485459786,medio
42.78050406708325,2726.3962255168008,2635.2573134822396,711.4609589064552,baixo
49.43627782618812,2760.531949063511,2616.4082382324796,679.9783891436131,medio
65.25307206387441,4920.108882784772,0.0,820.7679086959117,baixo
21.32432665484992,1983.0925704337405,15714.80095712472,546.4589340350944,alto
39.748989772605256,4037.5660761432564,8332.174715336934,718.87223799207,baixo
51.18382166782048,3202.6428239525417,11954.18733163523,608.9996466005787,medio
50.202400712787494,2376.2154280660925,5579.933210454711,652.5313219446665,medio
37.93474336399644,3386.0378425209697,14746.236664380573,582.7572355162316,medio
52.88142077990682,4472.6145966518,3386.155158366716,829.04120216039,baixo
40.32913437730588,1742.6353916041135,18606.913368010442,560.3361042992453,alto
34.486229111248825,3545.4989128141096,0.0,708.4065892862158,baixo
45.227468473915856,2701.94346749894,12016.184746247432,692.8675915559164,medio
44.0007071998061,1836.2611123198717,5592.530754955041,688.9357877055577,medio
47.763838029370454,3375.190798497837,19339.660704100228,562.6851794896952,alto
21.95517007832266,3293.483281548071,7475.318916349364,739.4855680771093,baixo
34.954090489886894,3827.3420929967224,5108.842365578172,708.7091039675441,baixo
34.534547127832504,2485.4221551294245,5566.242961417031,584.2119402024377,medio
34.3672738502154,2157.696356863051,8075.529327836628,570.8380405864887,alto
36.708849334596756,2176.3695125262147,7478.39844103341,641.4197901541366,medio
40.88351274133994,2560.947798637491,8943.722175758017,693.4985431328281,medio
18.0,300.0,12988.391260309196,540.7784072501628,alto
23.433666179020733,2158.537211442749,6068.748617122087,640.9220273000554,medio
53.452481994081495,3733.457135241331,0.0,778.2934347033587,baixo
62.87691574418227,4884.299210730234,4880.872562274355,727.7551630503159,baixo
39.02280601660058,1789.9117709363732,5292.991144237047,719.0783541054009,baixo
52.23775280217869,2247.7626417991337,6689.420333284244,659.3238347759644,medio
50.20048094878567,4455.334658668224,2461.9267364849793,784.9485360277233,baixo
39.35172207696963,1981.472571249109,13910.001034435292,479.55760827476837,alto
45.3118275943945,3944.47622489242,12267.01842094873,724.6596274278272,baixo
37.91760674039348,3531.954021449157,14841.978941040514,788.2952581480259,baixo
50.1733253376517,3228.039900131757,10738.424887256851,610.4454042409626,medio
32.11243366695576,2853.173484968639,16385.870389895907,531.2393987608513,alto
39.668305213697174,4798.256493622286,4014.310464471196,691.2080391768336,medio
55.66416707074631,3139.034109790841,4305.195231005584,820.3761583649971,baixo
43.74106450599304,1964.9869594052002,11952.999880080195,736.3569239235455,baixo
38.734497629269335,807.1488309248855,17892.643494190408,606.0751718481646,medio
27.836505239177125,2104.8996548805385,13234.932535359098,505.84024462080816,alto
60.192420325060795,3358.8825446256433,1333.148589727577,768.66234575951,baixo
28.558686447265462,4989.730570926879,2205.0818134008487,798.9181070364629,baixo
41.224724611904364,3236.960810016737,2703.0520707634287,581.7505027911103,medio
26.08124658081247,3865.617047527884,0.0,746.5936324164883,baixo
24.768895330363193,2480.6713893484666,728.5304528359447,713.5474963302148,baixo
60.7445002031037,3773.957997872795,0.0,850.0,baixo
56.014567250169286,4304.0708147636315,0.0,668.463050971134,medio
41.43219044539914,2463.378442624074,8376.082681524369,532.6488409043302,alto
59.50742594499276,2864.1468708652246,274.3281164902719,769.1997579433194,baixo
40.284930478770875,2942.6310716949542,9278.542391984685,635.3618652030432,medio
37.79724421198356,1914.080432119746,0.0,780.3843690537427,baixo
18.0,2326.369683199968,3429.371378610079,632.3966633993884,medio
50.61452351716677,2886.8859071381917,7242.394830582843,616.4460784713615,medio
69.88335436031215,3371.9021205732006,0.0,741.6182233567639,baixo
31.269138456172698,1344.074095107586,4943.369570506464,654.3413661905776,medio
30.468492069213852,4243.176843041465,6054.957689118921,637.5309102726092,medio
35.77783723377941,300.0,6990.158571587102,456.26585275931154,alto
54.30573952484792,3454.0488554464973,14493.329125933073,722.418630941547,baixo
45.73812394207365,3253.2943340234447,8972.769171684811,562.8899846330871,alto
19.4309973568257,3471.889956691183,7909.585839175722,771.9544600686078,baixo
55.38712012036575,4299.656304985108,7852.157326496293,696.490375193841,medio
59.22893270888403,1140.5379878949686,12703.223182463495,609.5216156673923,medio
45.92803208142525,2398.8737532391133,6918.453577326223,627.4400044008195,medio
66.37226740485684,6170.117335495526,6416.160177326041,721.606362605542,baixo
39.3498797716786,4758.321996494169,9532.652950506972,754.6911604128854,baixo
28.629856521559997,711.4792228411579,9777.968208032882,561.0951674081855,alto
42.447967193224684,3350.9345585445217,11079.372269367692,573.0990902630185,alto
44.00306911053407,2883.619603408499,13921.01372373295,758.761820020849,baixo
33.82419173477977,2568.219079120993,12169.157321900733,673.0553007073231,medio
20.58661369528131,2186.4250343779413,7357.051480459082,734.9785094880931,baixo
40.20804910809664,329.95496205346444,17441.482417300213,555.7658970498529,alto
18.86116600878596,300.0,21640.566576661182,422.27363393693247,alto
32.965991703204374,3383.1147953710297,6412.966573259253,719.2687388279564,baixo
52.69093500973659,2061.7509202408646,4108.431476623557,664.4528769979321,medio
27.474910065853443,2365.685114798202,13194.821786483448,677.4227033691845,medio
18.0,1624.8121044443494,5477.561382285796,600.3302483278048,medio
40.01217910222707,300.0,13178.140469127648,395.0340111839964,alto
72.15217989686596,4939.096872606152,6158.308780444491,651.2853503580941,medio
44.09878233425095,2700.720167554449,14278.238946098088,609.2424167887888,medio
27.36026029496451,3399.692584787396,9599.205087262113,602.5338001056613,medio
42.38734674499766,1278.3515199389772,15701.64351894092,564.9481041091382,alto
51.57517622578067,4604.194975286809,6325.911510840986,779.4196656456502,baixo
49.7384935914519,1712.261501123008,809.2747556330496,632.6277676954857,medio
20.243856705315867,1599.819203279282,6663.92886995298,726.4442428583482,baixo
44.38502340563544,3145.5353456130256,6954.2232425807615,598.9906190581257,medio
44.133011347358156,2828.569785025377,2028.2934784493664,575.4374747385326,alto
52.233709248267715,4816.062014937767,0.0,696.6260272941113,medio
37.14470733953658,3339.3367521595724,13187.676723399207,693.2805321067209,medio
20.31185837820278,1967.0481735040444,14676.336469025799,717.0100811729528,baixo
32.73482742578735,3407.9520779277523,7159.900815589502,604.4149330117384,medio
43.01832171669878,4933.064875916419,0.0,811.7373818259381,baixo
25.512487466506244,1533.7370408738693,16853.099322084956,563.7408310801316,alto
42.58073448199644,2181.251634905464,14005.137181813432,583.874964398158,medio
38.762888850539625,3410.2797143267717,8508.868491003226,742.2177040134741,baixo
50.96347161393398,1552.3226555535382,10345.674661777892,607.9112058586959,medio
28.09981994947563,1264.473799876941,7979.019253889535,591.498432202886,medio
59.6326799120343,5034.676558985055,1496.1006832086114,705.2763009244288,baixo
31.473872951685983,1528.7173274548156,14843.640867440849,514.7476840509602,alto
51.18543098277233,1673.9512784337098,13319.185903083539,737.9143646349349,baixo
41.6207355498741,3410.087166269541,9622.539624835346,717.5488887479014,baixo
51.8295109753425,3789.1082187274023,5116.557111411281,673.3042713256884,medio
28.413231395674863,2526.3464229126766,10178.10412827972,546.5253315599816,alto
44.10420594335763,1268.678737910222,14683.43514634372,584.1792421797782,medio
57.49702542723389,4918.13433517376,545.695226142745,739.2677605008112,baixo
22.809059211046797,4014.940383527294,15583.38867604301,629.7007442861075,medio
48.693917513414775,3101.199028624627,11424.42824865993,628.2846327146368,medio
23.383429120239214,1737.321626119249,9426.676606861367,704.3384074403356,baixo
55.7506673474138,322.0517109964826,0.0,577.8844995864207,alto
23.021564191531148,300.0,3451.1706786347013,463.8053310597983,alto
37.69409216487859,2687.9526341482065,14446.363336556868,649.7872826636074,medio
48.27878303348486,1265.3047777658896,8653.573807651976,572.9060918504272,alto
50.080301171241004,3161.9128573271796,8558.18883087797,504.61245467151593,alto
52.89179422360046,3273.3588255296186,5932.678428054196,613.2091443175083,medio
58.11566655025644,4718.929930255683,4977.053946324702,748.6682128235327,baixo
42.86952331525969,2670.8682414128434,10970.112649357334,609.0224933705857,medio
45.70095462060921,4856.278073783915,0.0,755.9962964462926,baixo
40.683810019541504,2606.1965835678493,13321.230293601418,590.0012772811416,medio
37.7588957778016,3036.060896664661,1817.826992176373,735.2269899415166,baixo
31.212058932422867,2916.478039851393,12274.899913388406,668.2200438181828,medio
30.64172324999555,3727.8223394286133,0.0,834.2086699897741,baixo
32.767298143508015,3109.004967908907,5021.09507520922,610.1189519998883,medio
55.629381044621105,3673.671345445068,0.0,723.2433422732194,baixo
46.49824521633415,1710.090133211368,7644.284014059046,697.0750189794869,medio
42.858764723412506,2479.9861518066273,6436.229231772079,654.2467603371781,medio
38.007917451925586,4350.234220564958,3140.5999196046714,747.9668799868932,baixo
32.7829638740693,3533.196737020371,7616.314185232988,642.0806769350278,medio
31.620725406938718,832.2347514787614,8131.450326364729,617.4959261318568,medio
54.162720388104695,5125.955252516806,6788.619117982465,777.8044592366092,baixo
62.47975421070025,2807.3545374966593,10244.098161899916,548.9554438662726,alto
43.84642346273671,1860.159202185585,22388.73050295053,465.25660528887045,alto
45.814172947166696,2106.2710179291435,21788.550052415525,465.94606576089063,alto
41.46418358575376,742.847526389703,17355.781259845637,548.7754574183248,alto
18.0,879.3951946859029,21200.608644167703,436.40616382802466,alto
36.4163841284895,1771.0118104243563,17844.241568057107,619.5349149718644,medio
20.118215063504483,300.0,8515.557216781792,629.2213787785239,medio
34.67233121044971,1306.0320998826244,12933.798406297927,471.8324525126103,alto
35.50131602812788,4222.30663713003,6357.307133435113,850.0,baixo
28.518953687645993,1479.1506590467473,201.80868523981462,698.3991335879242,medio
32.089096239447954,2495.915417749425,14384.837817677351,765.9410885754374,baixo
26.21028196194363,1912.9615212519727,11803.945449468327,539.5072574407627,alto
52.32570671190584,3277.843751495249,14954.103718126866,646.6371977895204,medio
34.68142023034083,1453.3031929104668,13699.53882242441,625.252993589524,medio
33.54613041584721,3031.1996845167146,14726.193178136367,670.0818508147947,medio
38.63586862637445,3410.811061559824,11491.198157268569,687.1601462459843,medio
51.55778043566933,3174.648959388248,7510.8787996388455,691.477038729591,medio
32.429759106167445,2107.9503472700444,5772.058914306968,779.0418997251496,baixo
29.437848121027603,1354.5974823354907,11311.403536660482,551.7732607447737,alto
51.76082335217464,4090.9111185979755,10521.49589474719,767.8920403087275,baixo
35.470391456375346,2902.631472492459,6178.302219969964,659.4629436197636,medio
35.51864754368859,2840.211449798899,9536.85690051369,559.0772729399748,alto
49.19983030443751,1824.9876112598545,6618.105210105234,571.3543658188314,alto
55.30449473136761,1855.1089800431819,9187.024151363628,559.6471463704394,alto
54.20714738996598,5476.346579031827,0.0,738.8610993842136,baixo
27.280431563402587,4296.8969176146975,13141.864439736386,750.4101696539119,baixo
47.17549296228431,2476.763790380341,8603.320290198704,579.9009333726952,alto
35.85576859933228,2593.8153173226015,5319.240211640038,623.0486706408369,medio
29.629328268750463,4629.1713548070875,7919.76536047307,712.6360682711406,baixo
50.89589566175959,2438.8983044195616,0.0,698.7397476242371,medio
58.98972463405101,2971.9353595424304,10459.129188866575,542.0530921806771,alto
53.445930412452505,5477.2485998694865,0.0,747.133280599582,baixo
37.753799283507206,2426.433323632751,13262.554364123462,581.1651334206446,medio
43.66036593201511,3577.2747167769335,11776.114832059811,612.0718752474975,medio
39.76080168048641,2073.94580401943,15353.604504006245,639.3007107086515,medio
37.27983126308372,2567.029353014063,3715.969930709036,619.162319017571,medio
47.155125838599346,3250.3256898510235,5568.82735762873,807.3442461620449,baixo
33.093496880005866,3167.503825698544,14005.696975111205,583.481641581801,medio
18.0,2278.2984668570443,15394.527051492805,573.157354697811,alto
35.955061337577646,2680.8936404759747,0.0,785.6461088052768,baixo
54.83453989113444,3249.6514194733886,8308.470943898054,667.3108269546142,medio
37.98029469609508,936.7519446039951,11268.922316436818,693.517830764102,medio
47.150393023994816,3287.847608588324,6950.132593865696,763.4828189793144,baixo
41.323467245784954,2171.137982455103,10949.493649998942,636.5094918925553,medio
48.59977141776342,2593.2306565125077,11335.128631806541,618.2302457468295,medio
26.384187607621897,3802.6359428110754,13710.129516267294,568.6856972361489,alto
21.117958778146185,2424.5729233882403,5904.16853606766,507.63253702142595,alto
52.00385262831177,7188.038077980027,0.0,850.0,baixo
29.281153829192156,1667.7864597479233,10444.329743079932,590.370921088327,medio
54.137938042691765,4049.6313245543215,6000.20372006716,774.532835647011,baixo
35.576722452325676,2797.0373444933334,5293.4921249276285,669.7356039000465,medio
43.47948756739871,4370.791602806703,6847.543261023101,783.288698187173,baixo
68.99605987176531,5723.211532617965,13156.411630315028,706.5889494788188,baixo
38.390912400552104,2542.7917934006873,8415.18281727397,557.3936089530363,alto
22.857390037315128,5433.808752369941,4504.567748145515,850.0,baixo
62.55871999975791,4111.197078073973,877.4714255941326,676.8634078500734,medio
28.33378525755179,2344.572552671208,6398.255341909364,670.9219969181255,medio
52.76036959762729,2427.156247352796,3599.3519472620364,705.9754435130186,baixo
49.44260094907334,2056.4698265307425,8583.229420587015,633.9174563232323,medio
30.881923702288695,3089.0925144951307,0.0,666.9929442574173,medio
27.95628116093348,2435.438957552399,7017.6539650840805,733.027246761726,baixo
37.818452883567275,2156.1123385987403,11480.978993767883,748.4476611296915,baixo
20.70939023853177,300.0,16832.49877402652,509.14933573555766,alto
51.12573304702941,647.4082799685862,21333.256683412517,428.1965614722769,alto
28.195450232683196,4120.785444045096,5201.880195316837,795.2901053311484,baixo
34.06017944559915,300.0,30261.548497695367,321.2747827655655,alto
64.94987232035709,1815.2252182532857,0.0,677.608673376981,medio
25.78228569042298,701.378037898507,17820.63729971458,497.99598421413907,alto
46.36600159327836,3233.1295129165587,4443.724719552021,629.7445381011981,medio
38.66299171832579,936.0272318790921,8169.237268503557,578.5928695280372,alto
39.37736031342881,2955.941269862798,5372.586465822131,650.3084693392124,medio
53.82930057049393,4009.499204592179,3769.1781168033485,657.1637828928707,medio
18.0,892.6758258989025,14815.455946539509,448.04522860269964,alto
23.264654431247312,1364.1480823223908,17558.79739399466,481.5663692917311,alto
23.049137419363394,2361.7067577748962,17506.86905665193,614.5337898178825,medio
49.06685531062532,4847.313699403779,541.9155720384024,622.0399864448354,medio
35.558833771712074,1728.6472121080778,9564.97899447272,587.3437602695544,medio
35.131974939126444,2350.0597630863367,9997.062387026905,669.2827014537247,medio
18.0,300.0,17491.94862809621,537.9354299959625,alto
28.59443003827959,1814.1095406450174,10798.808552128425,553.4578514923581,alto
36.23652248727486,2969.826558561248,0.0,673.8704596181797,medio
49.105208648184295,1870.3856168370253,15223.029667496412,642.5709783245601,medio
18.0,1025.843468837744,18689.914156158182,486.3107620404881,alto
51.89185580681696,3487.000548668585,10249.398312061276,825.2789799255023,baixo
44.01801725864145,2609.0581569354185,10058.182619143503,797.3480372315811,baixo
46.451638981759984,3264.4096958721434,8408.116200478384,585.1435624640377,medio
66.1158059892846,3559.0585160930978,7590.190966819454,688.6178928704436,medio
75.051168349633,3550.022759022714,7508.66775705598,649.2505013227689,medio
30.829525286878983,2866.3682971608077,446.5782317268313,826.7266325770795,baixo
59.39322657294051,2020.8538290394645,5820.513040689408,618.4550665229216,medio
20.10210499218961,3740.9280999473212,10352.850751284132,691.7085608598866,medio
48.550636316215446,3875.392563400009,15426.598940714975,510.19327316776844,alto
41.20130136618854,1716.8925267413438,15127.077392232344,611.3798382548086,medio
25.51635306461022,4698.266457129587,6555.433617868608,690.6498538203177,medio
49.3325010381261,4571.358310734569,1628.2923949760861,748.6787557079626,baixo
18.0,2481.9871110006998,9157.186219293004,645.8462072153035,medio
80.0,3320.3775089028377,5634.556376227907,645.6877580085021,medio
46.34919570658455,2702.5882999978603,11070.175453725824,766.2420215118236,baixo
25.623323919046992,1586.939456109148,16228.800353693448,483.4404037137813,alto
42.102769589785034,300.0,6943.855716389803,518.2991052933238,alto
55.02928577528562,3869.1298944259033,8270.488563537814,821.2309646429094,baixo
39.75758871202702,2983.155784654613,6885.874535275137,661.1666009538667,medio
28.193382630747145,2457.5479400155755,5885.671233812789,703.1678520118697,baixo
50.423543142596884,2670.7644968590384,15547.781870238929,555.5090106473192,alto
42.50679118837674,2514.6212933325696,7287.683739131541,573.3263658118037,alto
27.709264608923508,2413.2266276208084,10893.446373224418,741.7142235416894,baixo
65.54712533424694,1164.4028092496512,10705.852715643083,670.4967392682258,medio
74.73793312980104,3750.9291284570636,8385.37642662428,768.1549434845783,baixo
29.375999318161533,1533.8176290611934,9733.614596820113,593.3258109619198,medio
19.520343367283054,647.9260388734906,7043.4795087826915,600.0757065562051,medio
52.05741841080604,3454.6702132426144,6595.298730236463,696.7618877314349,medio
75.51950894455855,5612.753411722442,9949.716242925477,626.850509162885,medio
47.96765173054984,1930.9540473464967,12325.468233398879,641.4249688892978,medio
23.896889488186925,300.0,21792.018642065133,545.8661274683188,alto
19.65779387527879,1687.5941434176498,9780.345035157947,765.2376740885824,baixo
46.62482069126701,3837.026253637515,5200.054902717508,687.5205425388166,medio
42.120160010764586,3984.7754788578145,11218.09795609488,680.143100446974,medio
43.22297117600663,4739.987680081638,4099.531182191957,589.5969737576661,medio
38.66673593461468,3537.4871182788693,5274.650283037457,775.8717766627403,baixo
42.59608450760456,4080.101764755088,8411.947054129925,634.4603397655658,medio
46.87284431698731,3270.187085967451,6176.861093592102,666.9200639779078,medio
50.323661355979446,4875.372047117791,8420.091533848747,696.8646413909829,medio
24.603514060745233,2358.820360948987,12850.590523840048,698.2511090843747,medio
30.668722936075966,3034.3796322902795,8452.621326896224,662.3901566308386,medio
41.39426234746839,2573.488916579265,0.0,753.4859691599033,baixo
31.63459927290009,2363.9967789689713,16267.543036383426,631.1072832313782,medio
41.034219293540595,3121.197439374383,16298.972080233165,548.6848504908547,alto
48.02839122154151,5312.512807117788,5966.018348433292,725.796467329821,baixo
32.8744740977231,3226.6735947629077,2020.317883002337,660.2239704479827,medio
55.876283462255536,4056.373380982354,3910.544589612455,709.2849149411715,baixo
48.79392293068347,2535.16792600322,12760.71537633197,701.3087538290597,baixo
31.874451437465005,1704.318799230091,15264.329774049243,646.272787145716,medio
24.130161455346155,300.0,0.0,568.1310400940831,alto
42.976480847037216,3846.967558120815,14153.354471389037,602.113037440169,medio
43.16900366284043,3395.211153908218,2179.1042359010853,794.2672206756466,baixo
33.29297164588848,3494.4179606307916,7739.399006901396,639.1782299036014,medio
44.328009041815974,1200.8648616990035,12603.758998372821,535.068582564938,alto
34.588100583426126,4043.666250818099,0.0,772.8285835592042,baixo
42.13724660457931,3203.717592055529,8803.248280862945,636.3409569113797,medio
61.56086204256002,3527.0747620909874,0.0,753.1953615593347,baixo
28.209520118665512,2811.925878816728,2009.2654252360153,713.2064176508029,baixo
33.476580972524125,3150.945104816035,808.749727718342,643.9558179262626,medio
46.28164741610627,2864.338073587219,6447.4558354691035,685.7582385617457,medio
61.31435621861481,3433.639391586843,2394.3536493671963,660.5696549246913,medio
27.187298917888267,2116.0037177808417,15662.221764014006,627.3182725468624,medio
37.92471269767639,2506.1364042026185,6248.649130689195,764.8732960413265,baixo
24.336188088507562,1614.855752091229,3131.124185765623,628.5639834318065,medio
42.33237012176371,672.0723668512537,10618.56150127963,703.44493984223,baixo
52.46949338613,1480.3236986682443,6650.972375654001,680.5017824253823,medio
49.9418681964495,3863.86433200112,16572.787051455784,644.0804363939399,medio
69.44701840362048,5681.4250511431965,0.0,790.0122109264648,baixo
41.210862270872084,2485.9837189810764,16914.963488962632,546.6335958258161,alto
54.257362535133005,3021.0466780766415,3284.72595246897,639.8258620029895,medio
48.12622897199802,3385.148213930559,7338.466117031256,577.0293920824145,alto
34.257346211171644,300.0,10660.488529056884,477.29362927136583,alto
41.61419321090164,2741.3955404723315,11993.72731211807,592.1695791792932,medio
43.61176619389967,3568.263880996206,4666.50521828714,638.618141071924,medio
43.80306641411055,2839.165394704289,9012.357216037948,697.8244686585941,medio
44.81052199898605,3249.743293704635,2409.38339629396,709.5210855059183,baixo
46.89880255905666,4740.6741983400425,22206.891261534554,588.5696800443799,medio
28.47543586763344,1745.2631597185705,21613.00458433125,562.4188679376796,alto
45.66725232643772,4531.472047246513,0.0,850.0,baixo
26.188998822764106,1577.1582190246602,8148.759777642528,592.6719375503768,medio
37.450114334561874,3023.619485141304,3194.448083976209,790.770212941637,baixo
35.932103871177155,3082.843639921274,5935.620312062882,768.021729072452,baixo
38.66726150218508,2860.4928661915537,6467.369273546083,630.317011492124,medio
36.5234692928322,2497.1256984607653,7376.944218354792,731.4802262025545,baixo
46.37690530466009,2782.8034898171427,9731.623027068776,607.9941365678502,medio
48.69853913307804,2628.2928890900685,10219.642391226318,581.3554858158366,medio
47.549319921294995,3851.64344400073,7510.796636682553,799.6194156236367,baixo
29.918352031069908,1037.2827268154008,6946.9402979890265,756.0531846904869,baixo
48.36411397153111,2643.0235428482038,5769.898386480255,705.5596630620099,baixo
55.961795722139286,2746.065461802145,15451.476002491188,650.3021946983672,medio
58.10580114644199,4946.441120779272,2764.4200335869928,738.7904664498386,baixo
41.651337365231505,2118.871867082122,2058.8120781632333,725.1658627652831,baixo
26.085654054452526,2229.2833697980714,3625.396857491368,669.3233353202606,medio
52.23072866621782,2704.9556346079094,9820.486572666161,617.1939131848095,medio
18.0,2352.6184237060897,7481.781389512568,692.0817889567948,medio
45.66636024995548,3679.958748282378,7712.572499213915,684.9900955385955,medio
34.920376969539184,3258.373629432544,8322.91453417386,660.7311837366738,medio
57.248577620111575,4142.863337260414,3948.175695793506,746.3066181485083,baixo
25.979612880878076,1810.53042886545,12036.616556138448,548.1884345444431,alto
29.50287967978457,1446.5896123351347,7096.140232072354,660.5469046150153,medio
31.13844079220862,856.1769753802098,15300.24399123383,503.9257231038353,alto
45.09454058243875,1706.625838318116,7075.217185912651,552.8456099280534,alto
42.495905562335686,300.0,0.0,630.6659960347326,medio
45.01001561892509,1883.4722994021563,10626.143947708806,683.067381101769,medio
27.60036982732965,4116.644270682364,3941.6523475857402,700.8797902320557,baixo
27.049998822476706,1096.8795002814184,10855.302381881653,536.5263034436105,alto
63.152842719605225,5008.766446547117,7285.298206565558,725.8972297477803,baixo
31.56658513214973,3284.228195974089,8355.268772606263,701.311155923651,baixo
35.92654777017584,2814.6974236907995,15417.156660707551,504.18023574090097,alto
37.64608775719443,2348.755352263935,6976.256903563086,667.2255253897639,medio
53.752210560897595,1693.9401501929128,16321.325320631438,679.9046972992368,medio
29.257140580081035,2124.2682616040524,12970.431285836887,653.9602044097708,medio
51.69468585072102,4740.222261807634,5367.922684808656,686.4843140696574,medio
26.34570498812333,3332.5004334800014,7649.498518737857,787.9069256380917,baixo
18.0,1978.6263190555846,8783.870663699257,673.4602246263848,medio
22.9364047124464,2819.1074966154542,5904.988408651556,770.6539531187177,baixo
37.782030921970154,2782.7797513936916,16904.78352539459,591.5635552623871,medio
45.64756326951526,2246.567068483423,0.0,729.2612603555397,baixo
32.44969511609471,1350.1287573476698,7602.686377566002,662.6672588293492,medio
36.96861456720384,2932.0282237156503,0.0,675.0712781953823,medio
30.949624428127606,5504.504747357952,0.0,805.8405782922573,baixo
60.69285511702254,3618.504202033557,155.66344115531228,705.5727535581248,baixo
27.095100339463325,1621.8437824298599,10561.89181267659,467.5560126405353,alto
51.59094367705652,2058.86554258194,8652.468717674989,653.9225691779308,medio
33.10964008635169,1706.3016239051265,3333.2041866342743,695.5622782564774,medio
57.96894175639633,3254.791015740616,4814.248050891159,631.0131363550844,medio
62.94481072721008,1261.1232806817743,240.42487211755724,590.7174669166243,medio
36.05406907777929,1550.1776807541141,6735.07939568887,687.002042545151,medio
32.81117945504769,2942.2111573365164,2642.3273469227343,738.924223690859,baixo
26.638852919548032,2798.7253877024937,14729.802627168774,544.7844221538707,alto
52.18217138728784,2947.4364819784055,4491.993886994043,813.6594403298498,baixo
18.0,324.2025632705204,21022.90296250584,500.8917777770215,alto
45.35497617148056,5169.028417017591,0.0,711.2229281514484,baixo
28.599787884397333,2092.836137276006,16779.128458351886,578.2234323307154,alto
44.970080672760204,746.4976753487431,293.71256725221974,785.6781016310182,baixo
71.47196274412127,4007.0947646480927,6486.677992734546,643.8402515810333,medio
43.14332569087732,4579.7078121046525,2803.292719345781,830.2483758523794,baixo
34.99092082932552,2982.034747011438,9832.440126305892,572.3434313803319,alto
34.22405236123849,2435.5411292457043,11615.471778320389,758.3447144221775,baixo
30.06253658999126,1924.9748289686509,6340.585569556752,696.3435460968858,medio
28.183608452229052,2562.2504613212864,16220.304581425675,561.8203557426141,alto
38.23014513671336,2390.8136520056114,8654.473633192527,649.2040389030346,medio
33.14473223089918,3396.1513509356805,2510.7955339947384,740.8865442335508,baixo
54.155216622867705,2578.5576072119825,15327.875259159639,586.3450320092857,medio
65.1591258092526,1399.7136775432195,10230.878794509837,597.7471117531837,medio
46.16027011281352,967.9494104196901,3132.541198214003,631.9813857303902,medio
32.469636073009156,2385.9945702584682,10633.43024189918,617.7204950507594,medio
30.66899706288149,3269.3610338135313,6376.938563840687,579.3975400362787,alto
41.56019079684409,2956.9301959520253,11379.226818937042,683.1741006192026,medio
35.62405109786325,544.567826896428,6736.07196203973,637.594544021575,medio
28.852378426987322,3880.150181501175,7685.331353365773,768.8751828306981,baixo
38.09047187814795,4604.291137275685,8298.322816582051,747.7747865483082,baixo
18.0,300.0,11395.034442851023,543.19272930603,alto
40.95458075863096,3987.6501577186236,174.338742932262,642.2389498054082,medio
41.108831957103824,2512.35945369973,3127.243240673881,755.4298347844822,baixo
67.97954894353519,2218.0624698421934,6167.3355715047655,593.2089195001157,medio
25.61526611375912,1394.775722607289,3332.1125181128054,512.9871366514212,alto
18.0,300.0,11236.985579499666,395.9319333394408,alto
27.907419854167294,1530.993879561114,13111.858725976082,515.270848125508,alto
68.87163235015109,1742.7908265034325,11330.598062538524,679.3438410451232,medio
44.96533584895682,5057.979398332227,2526.462890877471,759.5825976290714,baixo
18.0,2008.9202596257142,9240.390333116844,696.1221795872065,medio
40.069358630028994,4379.969778310936,0.0,753.3551492580002,baixo
39.29710447800076,4741.961736634625,13843.742471792448,580.3850407490094,medio
36.90539092165268,3439.2590323973627,11333.012141958876,585.0238032271614,medio
35.62610691227669,305.62606194832415,18560.863662518244,508.83089836548106,alto
39.45815605568801,3549.682194152883,3655.338944569565,747.4558352087807,baixo
35.61602708525854,2756.465643598677,13144.17653933114,580.3775963117366,medio
22.492687292065284,3492.3220912233846,12429.060986310746,645.4535923238403,medio
58.90264317955848,4021.261972241039,10619.858029374645,793.4597612066082,baixo
27.643119504793823,3444.97719772219,10061.26751151808,643.6793096173747,medio
31.418775107642908,2695.790917176541,9705.375646792763,707.4949689857499,baixo
18.0,1996.954287698821,23856.226698423787,462.2422880505677,alto
34.24254220743476,3950.1554817445585,14510.395317840252,696.2409881476515,medio
35.8389212547548,3849.661490468672,11980.143119088536,684.0297942441978,medio
37.703155007336996,2810.306242365308,7240.82174210837,563.0938953045294,alto
52.22961258068576,2960.8466792430213,0.0,806.0252068255188,baixo
46.71094563541218,3195.9407057681283,3313.4110836540376,737.8936491999002,baixo
31.6895245069272,2838.772057440807,13148.841261231159,568.9084067569506,alto
27.10510668515744,2009.2649786759057,3199.7972892056005,589.7197457885022,medio
40.85349054669288,2163.9715079998223,7504.519821340214,583.0834494585926,medio
29.36869751610032,1152.9115509181286,17080.20462729074,631.3744631731231,medio
34.0602776034413,2525.4756393207567,11276.451262179069,560.1761996472967,alto
33.03914665093709,3640.7667789320385,2378.2824372053256,601.1469507816666,medio
51.82610419906488,4155.470634454886,789.0146760529105,743.876328606903,baixo
27.279346174064358,3343.788708408112,1509.5319073542296,741.6123013562974,baixo
47.225122460917824,2281.9199330029433,3600.893671798931,693.7096739078316,medio
34.3917614110445,1320.2639765984632,5421.682478143727,724.3987619716679,baixo
55.01220458149011,4421.558422476986,1376.5047281540164,696.71109465075,medio
30.91790501295163,537.8750732675608,15986.661977800693,593.9595534189766,medio
37.07460269548076,3379.9459516807383,996.5691818514679,617.4106501841171,medio
59.2293918083249,3086.4306777330007,18344.341245236923,526.8074510350389,alto
68.02871323019492,4847.923724219245,9834.896309312615,668.3551899331303,medio
50.62093515928363,1591.6766566043937,7659.438457104198,689.1460725316632,medio
34.16079389177601,4466.005400481899,2193.3981499641795,619.549762374389,medio
18.781038322882914,1955.5418871928036,9330.470791825064,596.7762681874333,medio
21.81499896464531,2149.358946080734,4949.0431451594295,655.9429818889824,medio
31.67127734073947,2977.7663056651586,9271.61248256344,663.1986327488395,medio
65.0963388099902,3386.6896131451863,0.0,719.269206701937,baixo
34.13381110853139,494.1362570209012,7917.816118515324,479.883746332598,alto
55.29442051419747,1305.369373787844,15669.930355478567,495.3844859131878,alto
29.69462635197779,2303.373286987977,6629.1499212740655,711.6433056729305,baixo
32.71614627499289,806.636743132894,9538.728595668665,516.5709635313679,alto
38.38496300086396,300.0,15844.466055604691,524.5728746637045,alto
27.49214589809788,3009.6522242175706,14128.427768376194,544.7556989009058,alto
45.14367447568314,2527.343583120453,22290.871685387523,611.169218107675,medio
20.905172647704628,1527.5751673844752,8123.25704178876,504.77345831095306,alto
37.320572112003475,511.70542177163134,12444.939257968394,582.0366333215976,medio
55.68507702538648,1519.736512214532,11062.735963874751,477.36176733401646,alto
18.37538043110868,300.0,21492.463353198706,514.9070438024489,alto
57.14511662330912,2254.9541849984444,4588.318867158564,677.4759715508114,medio
64.35291953307674,5042.954286500742,8648.839202973282,615.7398912888171,medio
44.08887198648745,3348.256348068388,4685.078257851275,686.9183087080569,medio
48.521942433984734,3971.9371543168913,2937.9156365927856,616.1892028037585,medio
36.927378831362944,1442.030467290097,7472.55768641777,649.9521848718645,medio
50.94490740061967,5906.3996515871,7388.681779628427,771.7070505741657,baixo
29.6225923574319,2757.8030497514847,0.0,660.4911594796082,medio
55.765472862345185,4173.058745709594,13232.273942999182,615.9786887545897,medio
25.642988793019065,1478.635803645043,9608.95263342063,610.0344216529528,medio
37.322917095172635,2332.911010787617,6581.502092879741,678.0108949227231,medio
30.506260213385147,3043.304840661735,4203.432643160289,639.0474442733339,medio
31.233221735534414,300.0,15699.858641819028,512.580501055234,alto
34.87389984802209,1716.9620625574878,5526.1976175348445,680.7433546213197,medio
23.572805186125727,1724.984701353588,4243.2545968636405,684.081809910468,medio
18.0,2102.0898862461277,0.0,718.402862937533,baixo
45.93707319513235,3372.3102263843994,2950.6553457718537,662.3163640979013,medio
30.88708790903833,1815.0436500387036,8700.127058239315,580.9080049187864,medio
45.49191890423494,2390.504436917341,1306.5243182726545,731.5873580027916,baixo
53.070153984042726,3746.4456095664254,10922.440609807198,572.3215367962755,alto
32.11042178123756,2626.335014359142,13345.731866062164,667.2003827831439,medio
52.57484164410983,4188.467506994415,5895.057362159649,778.0479833732263,baixo
55.2731307436258,2840.519620241054,2451.509878820557,744.7501793323892,baixo
54.857477567873225,1258.564560672273,11968.844916599035,625.4545977786859,medio
52.41789837109069,2671.8626840671104,2404.4574337207205,727.8782715994812,baixo
32.53655029814806,966.6472794361425,14519.939834844283,558.6445829901478,alto
58.190182689513264,4392.674271729513,5212.700474468724,661.3483686241033,medio
48.34859610388816,4033.492402830701,2736.0054024309384,777.6156630816092,baixo
46.56031630286767,2150.1821938197477,8785.71419093645,659.5883086509949,medio
51.27885819691136,3147.246357732776,8683.194197282215,579.6892074913575,alto
41.5273481764026,2957.893300000654,14135.679073012492,475.71215550323836,alto
41.20340453826696,3463.1073786849483,16535.80649921602,668.1741963588378,medio
44.28400360357885,4325.403844683904,7524.029979026043,592.132455167615,medio
54.338441379964,3808.014710474413,10922.016677593012,754.0521716947148,baixo
18.0,2781.2853649043273,16158.089345211692,561.098446460709,alto
37.444606341086306,4841.88022719724,9840.236780749503,713.0139311952223,baixo
31.566734926082106,3511.6276931010143,6924.502149622901,728.2018006401171,baixo
24.107277532888023,3951.9590602142875,257.46063150532973,773.1159015126939,baixo
38.255940421952126,3292.746184338729,7492.6508379603165,622.4893511775567,medio
37.970327015152336,725.4064097894352,13137.709590234332,589.813945592756,medio
18.0,1960.6736749473007,17676.330837889247,587.9169334352655,medio
38.89376689161834,4957.888137284463,1839.462773192371,734.0512685740987,baixo
38.87753850614143,3998.7387553788576,4390.5129126381,642.4672969070687,medio
18.0,2192.9203667742167,9992.004371433295,684.1477100999458,medio
35.45042183999777,3248.8362532623387,7179.2142713385065,602.1882996709891,medio
30.890477929659156,1565.0268408199374,3064.680284033381,703.5895785209784,baixo
63.318477754249244,6177.5447224699665,10617.265353626817,682.9390837643239,medio
44.955584370482725,3174.5624260053746,1548.2809741564215,696.1971999712941,medio
36.146204842400124,1306.1241082427796,17536.88111750017,580.3883987318582,medio
23.946158606716086,2014.0553129036427,12455.763617551165,624.1394309429764,medio
28.242059134539247,1795.23179595199,13285.33737033978,653.7130994917941,medio
34.7413514388187,1756.5945969473194,14738.40648414805,485.3293330782046,alto
48.46008116326397,4860.0677909245605,3833.446721433852,764.7340057265113,baixo
56.41328156718971,4171.055552976988,2799.728794328468,731.842465897286,baixo
38.717978985702274,1564.3725395860608,2654.4937275810526,668.5243538329082,medio
25.69271287142812,322.2419761681808,11802.543839618726,633.8653622735616,medio
32.49506683547148,1721.1454487715323,12721.463621838884,524.918850494958,alto
56.96587936145268,2030.707655326153,4298.320486497211,711.3363146865461,baixo
53.28839726885626,4213.369433819957,8852.477029885313,592.9286476145335,medio
37.1924874867255,5267.538517543428,10778.373731092439,617.8116876915418,medio
37.42962680180622,2080.845936141168,17868.98299355845,485.99609387413716,alto
39.60583052267554,3579.5403834981466,13094.813468959732,612.0581695329137,medio
46.51541134277694,2679.7248475533834,4012.587965330704,612.7859996663814,medio
19.67002140266856,300.0,15805.868124237342,507.5433457016045,alto
21.05832740575578,1379.9067100670834,9491.9319909907,590.7533955484297,medio
44.243930949794546,2136.419443858893,16656.36816246258,657.8313091575927,medio
59.4846088583834,3947.842697997793,16854.56286546991,576.1571033119094,alto
40.971318771869505,2688.8860403952044,6776.695014159304,614.8290865106331,medio
49.93085331508401,4887.92737180677,326.281181993857,690.274137605493,medio
54.30762832157916,4973.446952873953,0.0,806.3596723200637,baixo
35.980195587331266,1133.4954070355147,18727.599863956726,574.4505087094028,alto
36.48226222142522,4675.638748931593,6299.316983281073,688.196144816704,medio
32.372033022388095,1966.751907083114,4026.26371796382,592.8934043554538,medio
60.411518180279906,2869.215732005248,13078.358943759844,606.6514625358291,medio
28.487667704081353,2735.033817033255,0.0,741.1474474733986,baixo
41.510407569603586,300.0,28870.68756141897,427.46329319853226,alto
39.904207619195105,3466.88408287051,7031.695019100873,622.0887680478804,medio
51.30127458748466,3515.1624018269677,0.0,727.311325963447,baixo
34.90986043723303,3498.999820909413,0.0,673.5214216944021,medio
68.0791470856963,3247.4175545770763,0.0,850.0,baixo
40.96901049675144,908.7558535292237,13904.308578471779,499.1748725916757,alto
44.04582257132751,5854.432570670736,7567.934725950608,724.6184248438768,baixo
43.800332929950905,2117.4970323605785,12741.424350895415,643.8072754644251,medio
42.57394759630602,401.53717886939376,13333.958473979801,484.4558275085138,alto
55.61558763107323,3265.309974191049,12018.714732970759,649.1370305555639,medio
47.10403881069899,4690.494002120338,10604.272076858255,731.1519515896503,baixo
18.0,2284.1682637662843,8625.199581193052,481.23260429517455,alto
38.24943256378965,2620.3059430183916,9577.763151446865,670.1872452614343,medio
50.34945335076572,3028.847286004972,11292.395521154882,655.7751584628849,medio
34.12988960341143,3750.849196598132,9897.9697814692,551.9486144241716,alto
38.19872689969344,2937.755350403208,10405.839327658783,800.1372062989999,baixo
35.596366327551976,3222.0258436361623,0.0,692.4596380075416,medio
55.10529758875591,3969.5170366334173,9539.10512729147,515.4037339726192,alto
26.742493812491077,2819.4222083741874,11455.13422625474,626.5856671384462,medio
35.417460614485485,4007.6533271035164,2383.5455638209523,620.8491859390294,medio
38.533319774650266,543.7197953694813,16711.10527538569,478.53892706881743,alto
20.095372926497433,3675.037069026936,11989.79787428073,626.5259301273564,medio
59.597867809704894,1604.2578268249454,5117.874185591081,661.9511055965534,medio
43.549162644375606,4022.1455771881037,6604.876509604554,753.535766965326,baixo
38.919570304107964,3053.94208959917,0.0,700.5759163702222,baixo
23.429493597940542,2828.7806913943764,11660.704713722507,677.3649904313996,medio
21.05703355914539,1767.9097991079977,0.0,738.2419684899575,baixo
22.997197816831253,2125.78257597428,12748.556664150608,661.295520105594,medio
40.165001000729625,2445.6955127279675,9183.137543165602,560.9140228802235,alto
55.189359800813634,3582.9611290268067,12870.35416299804,650.7793871478448,medio
27.387983566546552,2872.1174394697177,3708.68327068292,635.679913068336,medio
40.57479159294212,4366.83042736053,2238.8533755650924,731.6988897835545,baixo
40.425862747656154,2285.866138070186,14666.534323528775,685.9884169982556,medio
49.28635545773426,4573.315333463661,7879.719368981266,590.4839648616017,medio
35.90354172342337,2793.5934650280233,7811.407297295083,620.7007402843567,medio
37.33767429438162,1542.7825968053867,12962.234958553616,551.7587809449184,alto
37.60354002303513,1554.2464865889565,9142.334750282042,663.5511463207047,medio
32.34143923395846,2795.7281649311362,7415.985832186032,548.4308678921255,alto
40.08648104792113,3886.911097113954,7967.667148533456,693.0139111164207,medio
46.78782568137935,2635.633117225089,1309.3029050627256,689.4916376903907,medio
64.87784883568254,3134.555773964632,6437.6286119211,694.7731126696546,medio
45.30080542342273,2663.542951429954,10857.165879620918,740.2811288912234,baixo
45.25967845207067,4417.072191034851,12575.997178095131,612.5427628931149,medio
18.0,2566.1014231231893,12329.179283934274,510.59644811582746,alto
33.48324048759874,1556.6066720171114,7218.638735742117,632.5343757094402,medio
51.27347402596511,2353.273062252952,8343.213328696826,646.2289654256085,medio
39.969942392523905,1691.441447335483,13515.596431159112,578.988089218496,alto
64.08923255111624,3893.303307110001,1137.7022575869041,721.76148041131,baixo
26.919395517167303,300.0,13992.618007281108,654.0989963895164,medio
51.03698911067683,3080.2403807229343,11180.186445254447,780.9783592604995,baixo
23.918205985977128,1306.348665071382,6714.439233511859,611.3698091002424,medio
31.544555436572203,1320.8137248064281,19481.049337440745,522.819693184998,alto
28.319958519414673,3641.130566011338,0.0,632.7183560262907,medio
35.913496959688295,3594.0572527826707,7388.704001847108,681.7952978857725,medio
46.676186344219055,2246.4596472826333,3773.3948187100914,637.121153715381,medio
38.97437386538808,2326.7219361740354,3474.2419139256353,536.9881824175337,alto
20.447024486444537,993.1645866759977,11948.090051684787,528.2582206587186,alto
52.004237706520556,4956.097817793984,1915.5275896851253,729.2108445527556,baixo
51.895069179096666,4181.821787463043,9572.041830725071,671.3908770062652,medio
49.918963231235445,1219.0240470727374,8589.170799792855,592.3893121230759,medio
18.175741472850646,3205.622697291866,7687.529628064613,646.1039295962804,medio
18.0,313.36136986419024,11688.500213767798,607.7499904695126,medio
47.87774262015511,3709.436597236858,0.0,724.1070753538505,baixo
52.08542898434906,651.9205727730305,13044.238513248469,517.3768053151247,alto
28.99046128240476,300.0,11504.4549331246,408.5885867887803,alto
29.5366737499539,300.0,15950.868157580064,546.1161990399212,alto
62.232296631259544,4393.610574881619,8945.945341420429,788.6591385961322,baixo
47.73178821358903,4289.180555058616,10421.757637578907,616.6284825166165,medio
57.351902715851104,1270.8265806795582,15588.460670183775,595.2327836512742,medio
51.702146299891496,3065.43659384966,2796.321032189804,764.9644655434797,baixo
39.30788974630535,1822.3481481427807,2116.2118812201734,728.0846429408327,baixo
33.35114471285894,2210.5318361594914,5341.77133051501,586.9761316074903,medio
47.10689103770698,2568.89596041983,8223.707539412422,667.9585003564753,medio
39.34558742751827,5074.99584288289,6590.235755248088,741.5155493538206,baixo
57.08736750122034,3216.608261521591,11392.090062742982,631.7808817829485,medio
34.39875678793858,4846.309985420292,6999.938398365146,718.9189248883654,baixo
52.22987413331846,3413.0073756183474,6418.5062166519765,752.9317620039158,baixo
50.39804603316639,2887.9766780952395,9400.22167082255,673.4910975618349,medio
49.7063295192088,4145.092103694022,0.0,646.441463750226,medio
36.156914225446165,3111.8957163216214,0.0,701.8120781572294,baixo
65.31731015636471,3583.8330183650055,0.0,671.2636576744654,medio
63.726982276961465,2016.3989936785822,0.0,818.9201500798774,baixo
48.2126057623567,3112.4749011505446,7329.2796434666625,729.2331546007784,baixo
56.157497378910776,3748.888142730243,16899.87669565119,523.1201617536833,alto
41.41466268452081,2382.680332328257,12802.582885067104,623.9394983473966,medio
22.301746192388958,3079.2518365247524,9339.061219876552,529.9693531252888,alto
25.003280955731913,2322.0027764008323,6753.212662254346,616.2683638151599,medio
42.110324577189,2640.2348414213825,12794.386445213691,661.9417111197025,medio
35.15628181851639,3651.567688104527,0.0,817.3249188261052,baixo
40.4811043480539,1349.0141686532795,20503.931117032946,643.4566139142028,medio
39.908999236800035,1788.61464230626,5491.305821061052,657.2279399537355,medio
41.619842865120305,5653.262854539329,4365.840705920929,673.3787727866583,medio
26.27159453791142,2555.477502182938,20793.890820542518,490.04188354254234,alto
18.0,2472.2070725176527,12149.487073991708,582.479653500327,medio
30.65249585335235,2152.5152980895496,10938.907322618263,446.14957779653616,alto
51.55539823431597,5751.867446137068,0.0,850.0,baixo
56.237639018071434,3828.260902921641,3555.2648462318884,630.566285837532,medio
52.764524558755824,4029.74938827957,2095.2070255455055,739.1688825849074,baixo
59.57990725553209,2501.4723972869756,0.0,729.4397060973475,baixo
38.945839985115285,2382.175322752503,7572.381651209968,728.2185355964875,baixo
38.98548996976628,2232.089269538778,0.0,654.2532366524262,medio
19.615918248122284,4033.1869070803723,11836.646055920124,605.2297221108846,medio
49.01423384759166,4154.077490235861,9772.159918860576,677.419001708552,medio
37.403503814536194,1825.878533987207,5739.626080713528,652.797502431744,medio
41.01202937524334,3308.3782253055206,6820.057670063847,749.3165780859612,baixo
53.132044442659065,2162.550871509636,8221.07967061589,654.4204074820864,medio
43.937507514547605,3019.6384875490826,10430.825708333985,606.3303969462603,medio
40.82634092445741,5463.0334061462245,0.0,768.8297275803902,baixo
29.40023943696323,1096.878080538297,10089.582752443763,623.5189837928223,medio
53.2073743109998,1645.607675807173,13960.639682500987,433.07107557658367,alto
47.76688362529201,4245.407925007457,7053.994675708061,779.58143337924,baixo
69.51938489982359,4910.358674270636,6941.575369862999,734.968239290658,baixo
36.38004212945308,2103.535424401214,14704.60096678225,592.580722372211,medio
49.74519214179198,2338.321737109851,12450.066139898183,519.0881081197218,alto
43.12236254877517,4911.113542345078,7137.564721052925,681.1157393819176,medio
36.05305990323584,1966.1231839205507,14807.255040035125,589.2081557969302,medio
42.87487254230924,2376.4748864386706,1676.4901850623746,777.5512840087388,baixo
49.865109505389,5315.860699246202,7235.715419583819,789.4775301390307,baixo
49.7430119664989,4847.229838735429,9750.192181104927,696.3219496588393,medio
38.22704599912645,1386.301285041089,14870.386887064229,453.3017310353481,alto
61.67853171212802,6112.511104627554,2834.0311865757503,801.6445046140459,baixo
55.03001630461837,4054.7183535604695,13109.4072280521,500.0448269521859,alto
53.11897285580082,2577.265882911473,8753.685984097316,605.3508824318499,medio
54.079796636706796,3641.818791926999,11183.570874951318,656.3098679027961,medio
18.0,1586.7463344611267,2103.698614222547,584.0699230062206,medio
18.0,3330.2053933121338,8409.840358532716,690.6385247082476,medio
64.86334524902252,4562.616840520223,0.0,769.6919912240833,baixo
51.75882092409299,4487.6932914704885,7661.9695831830595,735.9453281193914,baixo
18.0,300.0,7419.5061269951975,639.6481602019093,medio
49.12236084446574,2775.3974437588777,4290.638721597239,659.4904484725682,medio
50.357074432448506,3500.3649229416233,184.67014238533375,717.412956658629,baixo
19.30273583349729,2979.2143563143286,5001.271814784174,639.3353285482394,medio
69.14082137812987,4335.432167320854,4240.7887836514965,669.1104686981919,medio
48.86940917461415,4766.049220141844,3549.4267269405273,726.0877901096933,baixo
46.021441523818005,962.1811956436152,11676.77003549351,616.962038098258,medio
33.831896102454586,2270.9855470888742,2926.5686330365206,748.2003475007651,baixo
27.118140531711965,3209.7899337994554,22417.93506095522,577.2285252476765,alto
29.8768648347216,3546.2900442692985,7093.989807434245,642.384561279705,medio
29.76400483112417,2986.6294816021277,5325.374660328292,711.9092824039777,baixo
41.658516789525365,1324.5505096101263,16524.49008953842,488.4582934470701,alto
63.219866834128084,3360.513859920451,2093.102555084184,601.3582188597989,medio
21.570099032872527,1361.7391826363398,5257.133953488804,627.5843886025864,medio
47.3110437278259,5353.77031535051,819.8455344746053,821.5618824428618,baixo
41.607492866801834,3266.6789398922792,9896.053616214202,616.4663841507405,medio
36.39882498463507,2346.334275160718,10867.094502499665,569.3185751825748,alto
29.13157898294588,3520.089824046726,9155.20706078388,628.7588407129422,medio
40.679613517419426,4265.935074389025,9364.897265804657,695.0437854649256,medio
49.05532882885465,3308.81410287747,12798.217703723425,723.2384745403307,baixo
21.606514390947613,2767.839855807074,1530.5810852941977,711.8389459578127,baixo
38.15624927705067,2745.5833213923156,7852.193444923891,686.6117098911972,medio
28.099122396851456,1934.0218651564574,16992.567777577213,575.6277838097096,alto
42.12076496462058,3416.9620637063936,12362.913327496388,645.1452768199051,medio
18.0,2393.1602218158446,15264.617729674548,546.0553752707427,alto
69.87116323655829,5228.8362857708635,9934.977875981867,850.0,baixo
28.99171120157377,3030.9490436252463,10741.93300414222,619.2998421363235,medio
46.605397493118204,2211.5879159376473,6699.40212496763,666.7009528326502,medio
52.67073340940449,1979.0187945465966,10313.750808895045,672.3754348614264,medio
20.19336390546804,580.8230243405305,6994.869872127455,461.90915505624673,alto
45.26068897583734,2363.2469241244066,8038.3637458339235,578.7410287901174,alto
64.96959790460957,5426.792622543831,2295.1334902685503,782.4583123357845,baixo
31.536899150613444,2732.4446665361,13270.706206509614,643.8408667853749,medio
48.80477565891497,5552.343332959206,8917.669314212875,720.0201507089772,baixo
46.86731562904473,4178.932178776182,7266.638158536243,659.3524311875756,medio
37.28038816318687,998.9138393765647,20538.04408400881,352.2662498426182,alto
28.049761415172767,935.4943235717028,15685.528045962654,619.8950930779714,medio
47.10588370168652,4157.699185048287,5555.525730049273,615.4107880231836,medio
32.25874569939327,3044.0180825628095,9690.04660265616,592.2760811177275,medio
44.36879862988949,2997.6799510179076,0.0,706.845411476965,baixo
43.81058604633295,2512.447684474297,14933.57936571112,618.1666475431902,medio
62.39929707636034,3232.7951452810753,2880.8279052898424,730.4064345637584,baixo
74.0235642346532,4930.209097118806,389.27026195629423,834.6476916535636,baixo
29.635056591461208,2788.745860158116,5191.945195637047,645.1110714876255,medio
51.47864201569706,3467.1857673199715,10376.607126683533,657.567496645712,medio
18.0,2041.736954706863,3321.1254899875184,712.159569845744,baixo
32.34988398508622,2593.81080301952,13222.584610119244,608.7259375321169,medio
26.201140589827368,2790.129950245891,6949.6625603564635,767.0651729716296,baixo
27.296594965510604,2048.688081931135,0.0,573.598458593636,alto
30.818922094573864,1421.4063405417266,13658.617402169843,461.4019137163406,alto
25.43063125642799,2522.1379752071625,8933.25272155121,688.1569490482879,medio
68.82104142385612,3523.5665750698154,3276.9080571355325,693.3813903899721,medio
22.69428878143169,2051.649781986176,14563.912871082986,636.6976828052244,medio
56.58768583767312,2855.1103194150514,12663.671681212598,511.5111901192784,alto
25.976494061626845,2691.6978067275168,8134.407091021974,504.3739136698043,alto
40.3468890645173,2449.750884877813,6862.547756291626,683.1370812976743,medio
33.091540802705055,1502.5378785865087,7606.752600081007,561.0135024958769,alto
54.87530572038378,3522.991202666006,0.0,726.8597228020428,baixo
55.03213620316576,3799.4101935916756,12352.436377174381,667.9149494236622,medio
43.47132954917875,3206.3231556649166,2960.3171899805902,748.1780727505761,baixo
54.0672237179545,2096.83679713917,10700.088174415805,626.6914605274258,medio
37.7802799704862,3704.971163259125,0.0,796.2460773504542,baixo
62.693064453135584,5143.001418089513,0.0,722.9256599866935,baixo
42.522375965064334,2035.4375428857613,13274.58684452745,421.4705606668136,alto
18.0,2471.576787443495,15232.350939931912,666.1698193740646,medio
41.13516036419084,4619.950625861495,7857.54741377284,695.9038087126083,medio
24.04172480304951,1612.7886371502511,4361.822173187282,612.8034494055823,medio
18.0,4073.0265924797895,7109.565206317321,731.9792631903467,baixo
45.6803855261468,3906.7091592566912,6788.083508645135,749.9257508011759,baixo
32.498542744529736,2747.897128995565,14206.740135730572,677.1151387692239,medio
34.28298102454472,2994.741840869667,9459.633464042077,572.4966440305149,alto
61.851858980846586,4114.397849397196,4405.271581301391,633.6386006275073,medio
30.87016502710522,2052.8093396184695,9346.532122276201,594.224834411606,medio
33.002646839108394,3929.1742430466384,10459.431525160557,658.0579627376578,medio
37.99538143074642,3040.0161262662236,9051.083456514207,754.0040040341617,baixo
39.96521792068708,2438.5414930285256,7514.78951867809,639.8243220239212,medio
33.47069173065309,2829.939833910981,16500.655020431273,519.9709638550903,alto
40.10654148656369,2543.691988201293,7736.807173859416,672.1751044324586,medio
75.01421646516891,4054.9645854243854,7999.9265175496,671.5743860268037,medio
49.573339687426184,4335.213525077448,3484.552080525923,687.3822528635019,medio
26.462828286473872,2269.0530041806687,14837.803747433893,654.5282075603853,medio
76.2949905590393,3434.603132372992,12456.589674404495,605.356875594361,medio
45.87485629473728,4388.974508413568,4752.886546635052,741.8799226521237,baixo
29.680682585990738,5129.292104993278,0.0,739.9666263592412,baixo
43.52572463133925,3943.802693914111,10248.13306957925,719.5962314999013,baixo
40.061469427968945,3449.3085681678026,8461.043423981368,706.5273385778682,baixo
30.103782978527065,2133.3463425523864,6380.030347379417,586.8819839803523,medio
45.91820986363929,2833.2956940373365,5913.1588770221715,590.8863906420154,medio
59.706301727180325,1446.5644429763836,11296.339497265142,630.2436553704879,medio
43.946488235170406,3514.6956040878486,10417.095661647892,508.96574270326937,alto
52.68740809781825,4432.614497132283,8617.980045963073,673.2776398701249,medio
24.749036281404827,2176.765246142645,17456.69834430858,584.3876412802499,medio
47.69388840138715,2734.5651142185015,9792.018260331051,607.156495808613,medio
32.869112170489565,4215.245769197499,0.0,660.1855297674938,medio
27.3498742329026,1442.1417280228509,13182.937614728438,599.3340946336135,medio
41.09999060421234,2488.5006329248417,7198.66722826517,802.1391472164764,baixo
53.81713340409388,2921.5597246032694,4859.4672219771055,608.2428447707956,medio
44.144008915367216,1429.7390510997184,10157.293647985665,510.0122327734675,alto
43.362187671117105,4953.993708320773,15621.303606463756,796.1797966793426,baixo
41.67993765933239,3053.171913054287,10698.914861620959,684.745539384026,medio
46.224562127508236,3008.420276727488,4692.992368164696,696.0978841368939,medio
19.4457140704786,2354.8226746246187,9576.903910203784,629.3823858378736,medio
45.0899533583664,761.66716136686,21903.321949400437,501.6131705085445,alto
18.0,2150.6866952503683,11652.92068282068,780.0905246593948,baixo
35.95223062043557,2763.903543813367,19598.550244049162,547.1773815750349,alto
42.66708793562534,3734.291610647311,3702.835501110937,660.1599552354736,medio
38.454332062620495,300.0,9659.310250045102,447.36201304668657,alto
53.356363545012925,2274.0498260966424,4286.831475397403,540.9298648411425,alto
37.34596987771801,3273.186530318725,10997.37728141122,690.6632638761429,medio
39.34225491953919,2914.6362373834727,5981.794009051213,583.6007778205976,medio
64.96518339168477,4269.411236176306,12184.697701195048,695.5907574216643,medio
39.53554578215603,3022.3872924640523,15876.667290412759,518.6586419290621,alto
38.22132415344689,1737.4296952094785,11429.893581113549,651.9689218672686,medio
50.27148298452424,3844.047930893036,0.0,850.0,baixo
31.131953211413478,3330.8356029636825,11046.925002582559,653.509155427975,medio
18.0,300.0,9843.336335288295,480.1632820249955,alto
19.910812137054478,1273.6857240232596,18421.06290758436,585.4797000334495,medio
46.07457204453928,2565.5493196450784,9482.598112149657,538.2391663375648,alto
40.0948951754331,2905.635325550891,5603.9123747303165,765.5697719154099,baixo
42.35489470467829,1794.1202051930022,3728.17444910648,660.5425419898316,medio
36.85108691167784,3281.522333580163,5471.1633159825,616.8002142153262,medio
36.47294972079467,659.3260267605915,12568.628671437455,665.0596011371265,medio
35.10939164056616,3455.098358963881,12655.738482464607,734.4102291713081,baixo
22.955770254085667,3497.324296748267,4937.109865274133,756.6846794885871,baixo
37.03654197495874,423.05535925547565,11384.45490346802,475.29521895641653,alto
47.44828149429151,3501.9030115086143,4702.145559526225,715.1400240542492,baixo
36.28945702240282,3567.0721875716686,8616.436137579567,686.4179948600541,medio
33.774262126414904,703.9681705666753,9882.145570182012,566.4000086522591,alto
18.0,2178.6593512251156,0.0,729.1883992326282,baixo
23.936592728980354,1645.4450240459803,9870.39237851669,598.5532773480043,medio
48.67766189855131,2820.169224848463,13770.018665883032,542.8269108467979,alto
37.2481943951896,3056.3416853622393,8678.967274969125,691.9236151994962,medio
57.75359958907466,5067.989946241909,4514.219436760835,732.83767975715,baixo
30.83120575869057,3047.016247070138,1957.9934443188677,727.5361422358203,baixo
56.86567347266747,3689.4223223356107,13597.22336079614,729.2756244219579,baixo
20.463602712665114,2584.3052965490633,4583.766257496831,795.8935406121949,baixo
53.378311748634516,2515.3633278036427,5993.1961452774985,676.2387535225149,medio
41.15562542033577,1386.8204218134974,1953.1179661946162,700.6621239285558,baixo
45.854821750552425,4191.632254626805,3228.437308160728,706.337806461146,baixo
35.693769112617275,2371.4906611451606,13264.835002745389,540.0900813772199,alto
48.80205930324047,3262.274678637982,9861.001605106854,703.9173606002053,baixo
54.77783985626072,1827.203629128278,5656.845129381607,610.1998190227055,medio
36.41744561075061,4419.388320514382,0.0,850.0,baixo
19.237735645058084,2559.5202963345064,12346.306178488454,643.7987924324656,medio
34.31897331273323,2224.047642005974,6787.20676327408,667.5346519405415,medio
55.12957903141514,1728.485361862582,13725.699753114306,714.4706458426897,baixo
37.17276046217953,1585.9749033054504,8090.629085226326,670.9359086411843,medio
34.16308630075774,2395.130682536305,13039.703414476615,617.0560443062672,medio
27.092515454044044,982.2265231690176,9853.165027125537,473.2460048174356,alto
28.317224891902374,1817.0656082716864,4729.29981384066,610.1389660232892,medio
55.77173011240532,3548.145030958608,9486.548011774032,606.9035718304766,medio
49.25453748663832,602.5259035648628,9637.133791965087,613.4988832470082,medio
41.31905633777489,2376.214035463757,19198.707139327154,606.859504514118,medio
28.081241789986066,3397.989128468137,2505.3216814454536,717.641858989878,baixo
18.0,1748.6438099678007,9621.502075977003,591.3137016142006,medio
35.33908274403032,2121.7751103812056,2598.1483063560463,685.2788965471193,medio
33.13022377703194,4546.198054803153,6893.273403779322,736.5579913985433,baixo
18.0,2158.3015019712275,9816.465002285373,700.770138882506,baixo
38.35945840963891,1414.9938037423751,9335.315963133486,667.7959341747908,medio
36.055054858870406,2021.7823107931395,15606.49075482632,721.259027621411,baixo
30.558492312297428,3342.018180265072,0.0,713.1662191340765,baixo
52.14259772976233,2797.1432824424887,18698.277670552496,582.3895381406876,medio
30.321027648091007,2272.1935188458397,11982.545056817125,650.3769856299535,medio
37.46663187987082,2777.8356727737496,3241.073915342975,694.4080835120551,medio
53.852156368936484,2497.503630655709,7305.639291631815,699.3466525566829,medio
51.22259850527239,1776.3681906312177,22523.06600152993,522.6817308596553,alto
28.345744979768206,1800.275652704602,19503.97174360859,569.8932478794188,alto
18.0,1180.8107358400405,4410.950160631792,581.4397108439408,medio
41.87830810289016,4731.135935609225,4570.474250146392,668.763270955562,medio
28.615040785057722,1050.6907079183134,7177.279969537054,519.6183159501436,alto
57.491614085693854,3776.7051662290314,10298.642022735141,731.0567608457799,baixo
40.50447802219658,3895.350963107482,0.0,636.5316882629728,medio
31.646621522302016,2537.8580587738957,15433.90778581068,609.1655122445787,medio
63.46558104594955,1326.9649793658916,20990.244813091187,620.0934467952319,medio
42.045041608874975,2826.090845065162,19092.001257157943,520.9176786508963,alto
58.806289966701094,2270.745185657883,17942.556807470628,761.879661577747,baixo
27.742286124477204,2098.264050603831,284.7239725320869,678.1872331092625,medio
18.0,2144.7675723701177,1436.2106792941222,681.5427523518639,medio
63.48194450836466,3714.5356878830435,9085.049371873389,687.8704266206963,medio
28.56592494437082,1779.6564854078315,4859.449083330829,677.4937797944694,medio
45.279457336879176,2830.112192364893,1865.6227161872284,669.1674571994153,medio
28.143922918962314,959.9663835239426,6880.123217094151,552.3739662382781,alto
26.687103623057713,1064.6360269572879,7965.18412643446,582.5169749428203,medio
26.7458398857552,579.3090947878586,21952.733209813094,453.72127922782227,alto
